user_id,adult,belongs_to_collection,genres,id,imdb_id,original_language,original_title,overview,popularity,production_companies,production_countries,release_date,revenue,status,title,vote_average,vote_count,dt_current_timestamp
6808a3b8-2230-4027-97d3-e2eb67a2d3e2,False,,"[{""id"": 12, ""name"": ""Adventure""}, {""id"": 35, ""name"": ""Comedy""}]",27d646fd-947b-455c-888f-cccab378a734,tt8372138,es,Random Movie Title,A comedic tale of mishaps and friendship.,5.125136,"[{""name"": ""D.A. Films"", ""id"": 6541}]","[{""iso_3166_1"": ""JP"", ""name"": ""Japan""}, {""iso_3166_1"": ""GB"", ""name"": ""United Kingdom""}]",2019-05-10,186751.0,Post Production,Random Movie Title,2.9,363,2024-01-17 17:36:47
a94c130f-fc56-4f58-ac71-c7ef4b0a446a,False,,"[{""id"": 35, ""name"": ""Comedy""}]",85fceaec-a1ad-46af-8517-a6828bf80958,tt1319637,ja,Random Movie Title,This is a dramatic story of love and adventure.,4.700264,"[{""name"": ""Pixar Animation Studios"", ""id"": 34040}]","[{""iso_3166_1"": ""FR"", ""name"": ""France""}]",2001-04-25,975519.0,In Production,Random Movie Title,3.5,242,2024-01-17 17:36:47
24cf2eea-b334-40f8-bd56-d5da6b6cf291,False,,"[{""id"": 12, ""name"": ""Adventure""}, {""id"": 18, ""name"": ""Drama""}]",695dd0c5-1306-468a-8174-9aadee58f37d,tt4829086,ja,Random Movie Title,This is a dramatic story of love and adventure.,1.937091,"[{""name"": ""Tatsunoko Productions Company"", ""id"": 34037}]","[{""iso_3166_1"": ""FR"", ""name"": ""France""}, {""iso_3166_1"": ""US"", ""name"": ""United States""}]",1993-06-01,397644.0,Released,Random Movie Title,6.4,188,2024-01-17 17:36:47
5db08085-3b32-4ad8-b5bf-de23d33db48a,True,,"[{""id"": 16, ""name"": ""Animation""}, {""id"": 18, ""name"": ""Drama""}, {""id"": 80, ""name"": ""Crime""}]",9b30e251-8988-4155-bcb5-6e5d1de286e0,tt8707864,fr,Random Movie Title,A thrilling journey of discovery unfolds in this exciting film.,9.839895,"[{""name"": ""Warner Bros"", ""id"": 34039}]","[{""iso_3166_1"": ""FR"", ""name"": ""France""}, {""iso_3166_1"": ""DE"", ""name"": ""Germany""}]",2016-02-20,103754.0,Post Production,Random Movie Title,5.9,948,2024-01-17 17:36:47
6aae6fbf-1a35-428f-9d72-ed1f2378fcf5,True,,"[{""id"": 80, ""name"": ""Crime""}]",02bb77aa-fd30-4ae5-a41e-6d1aec2fe4a6,tt6092895,fr,Random Movie Title,An intense drama about the challenges of life and relationships.,8.870099,"[{""name"": ""Pixar Animation Studios"", ""id"": 34040}]","[{""iso_3166_1"": ""FR"", ""name"": ""France""}]",2010-06-21,893740.0,In Production,Random Movie Title,3.3,859,2024-01-17 17:36:47
d4daf90e-92ec-411e-a8fd-cc67847b4c8b,True,,"[{""id"": 80, ""name"": ""Crime""}, {""id"": 35, ""name"": ""Comedy""}, {""id"": 16, ""name"": ""Animation""}]",df56459b-168a-4171-b870-8c6304646caf,tt4202506,en,Random Movie Title,This is a dramatic story of love and adventure.,2.835743,"[{""name"": ""Warner Bros"", ""id"": 34039}, {""name"": ""Studio Ghibli"", ""id"": 34038}]","[{""iso_3166_1"": ""JP"", ""name"": ""Japan""}, {""iso_3166_1"": ""GB"", ""name"": ""United Kingdom""}]",2018-02-08,293673.0,Released,Random Movie Title,3.4,293,2024-01-17 17:36:47
1de5f09a-10c6-4bc1-a7fd-3f5fd4628e60,True,,"[{""id"": 878, ""name"": ""Science Fiction""}, {""id"": 16, ""name"": ""Animation""}]",57c10f0c-f08a-4abc-a03a-9428e52f6250,tt9076068,fr,Random Movie Title,This is a dramatic story of love and adventure.,6.464625,"[{""name"": ""Pixar Animation Studios"", ""id"": 34040}, {""name"": ""Warner Bros"", ""id"": 34039}]","[{""iso_3166_1"": ""JP"", ""name"": ""Japan""}, {""iso_3166_1"": ""DE"", ""name"": ""Germany""}]",2006-06-02,22063.0,Post Production,Random Movie Title,1.0,940,2024-01-17 17:36:47
83110bd1-8c45-4d58-a7a9-71c74a4bfdec,False,,"[{""id"": 878, ""name"": ""Science Fiction""}, {""id"": 12, ""name"": ""Adventure""}]",1403f74b-61a2-406b-bb8b-57211440369f,tt3130248,ja,Random Movie Title,An intense drama about the challenges of life and relationships.,6.845157,"[{""name"": ""Studio Ghibli"", ""id"": 34038}]","[{""iso_3166_1"": ""GB"", ""name"": ""United Kingdom""}, {""iso_3166_1"": ""DE"", ""name"": ""Germany""}]",1980-10-20,761135.0,Released,Random Movie Title,4.8,705,2024-01-17 17:36:47
51266c9c-c77f-4afd-af22-4d3a14b7fa3f,False,,"[{""id"": 18, ""name"": ""Drama""}]",54741c84-5518-41b4-9017-4a8a1f0d1eb6,tt1383179,en,Random Movie Title,This is a dramatic story of love and adventure.,2.500411,"[{""name"": ""D.A. Films"", ""id"": 6541}, {""name"": ""Pixar Animation Studios"", ""id"": 34040}]","[{""iso_3166_1"": ""JP"", ""name"": ""Japan""}, {""iso_3166_1"": ""FR"", ""name"": ""France""}]",2016-06-19,123516.0,Post Production,Random Movie Title,1.1,865,2024-01-17 17:36:47
ae22a074-813a-4a50-b3da-cb6f880c82a9,True,,"[{""id"": 878, ""name"": ""Science Fiction""}, {""id"": 16, ""name"": ""Animation""}, {""id"": 10749, ""name"": ""Romance""}]",3175d381-f593-4a94-b27c-67f3f7a5b7eb,tt8155447,de,Random Movie Title,A thrilling journey of discovery unfolds in this exciting film.,6.207608,"[{""name"": ""Studio Ghibli"", ""id"": 34038}]","[{""iso_3166_1"": ""JP"", ""name"": ""Japan""}, {""iso_3166_1"": ""DE"", ""name"": ""Germany""}]",1994-04-26,233435.0,In Production,Random Movie Title,1.8,938,2024-01-17 17:36:47
052acbd1-43f7-4d59-8213-f91fafc0bf98,True,,"[{""id"": 18, ""name"": ""Drama""}, {""id"": 80, ""name"": ""Crime""}]",ed5b86b5-d716-46cc-87e2-d91577ae7d17,tt8704420,ja,Random Movie Title,A thrilling journey of discovery unfolds in this exciting film.,8.098794,"[{""name"": ""Tatsunoko Productions Company"", ""id"": 34037}]","[{""iso_3166_1"": ""DE"", ""name"": ""Germany""}, {""iso_3166_1"": ""GB"", ""name"": ""United Kingdom""}]",1985-09-11,951568.0,Released,Random Movie Title,3.2,249,2024-01-17 17:36:47
c4c04ad5-18c7-4095-853e-0875496ee797,False,,"[{""id"": 10749, ""name"": ""Romance""}, {""id"": 12, ""name"": ""Adventure""}]",d091fabc-fe59-462a-947b-29aa37896917,tt8677247,de,Random Movie Title,This is a dramatic story of love and adventure.,4.08879,"[{""name"": ""Warner Bros"", ""id"": 34039}, {""name"": ""D.A. Films"", ""id"": 6541}]","[{""iso_3166_1"": ""US"", ""name"": ""United States""}, {""iso_3166_1"": ""GB"", ""name"": ""United Kingdom""}]",1985-07-27,806210.0,Released,Random Movie Title,3.6,368,2024-01-17 17:36:47
9d460064-ec5a-4881-a01b-ea4b2dd36bbf,True,,"[{""id"": 12, ""name"": ""Adventure""}, {""id"": 878, ""name"": ""Science Fiction""}, {""id"": 16, ""name"": ""Animation""}]",43177bc5-91e5-4322-be0e-52aa240594c9,tt6655350,de,Random Movie Title,A thrilling journey of discovery unfolds in this exciting film.,1.953284,"[{""name"": ""Studio Ghibli"", ""id"": 34038}, {""name"": ""Tatsunoko Productions Company"", ""id"": 34037}]","[{""iso_3166_1"": ""DE"", ""name"": ""Germany""}, {""iso_3166_1"": ""GB"", ""name"": ""United Kingdom""}]",1982-09-20,664849.0,Post Production,Random Movie Title,4.0,42,2024-01-17 17:36:47
ffbc1596-f012-4146-9161-0e26b261e429,True,,"[{""id"": 18, ""name"": ""Drama""}, {""id"": 16, ""name"": ""Animation""}, {""id"": 878, ""name"": ""Science Fiction""}]",aeb1f819-23b8-4009-98fe-3bd5f528032d,tt7293068,es,Random Movie Title,A comedic tale of mishaps and friendship.,6.550603,"[{""name"": ""Studio Ghibli"", ""id"": 34038}]","[{""iso_3166_1"": ""FR"", ""name"": ""France""}]",2020-10-02,248249.0,Post Production,Random Movie Title,0.0,38,2024-01-17 17:36:47
12012cfa-1418-443c-ba71-a2685df8f16d,False,,"[{""id"": 35, ""name"": ""Comedy""}, {""id"": 18, ""name"": ""Drama""}]",ff4b430a-1d37-48d7-9699-d3e8466db0b2,tt5144864,ja,Random Movie Title,A comedic tale of mishaps and friendship.,5.498869,"[{""name"": ""Tatsunoko Productions Company"", ""id"": 34037}, {""name"": ""D.A. Films"", ""id"": 6541}]","[{""iso_3166_1"": ""DE"", ""name"": ""Germany""}, {""iso_3166_1"": ""FR"", ""name"": ""France""}]",2004-08-23,271041.0,Released,Random Movie Title,7.6,886,2024-01-17 17:36:47
a4028cf7-f3fb-44f4-b4cb-eb3832b3a2fa,False,,"[{""id"": 80, ""name"": ""Crime""}, {""id"": 10749, ""name"": ""Romance""}]",2fdc5a6c-f73e-4886-adf6-6ba10372dcaa,tt6259375,ja,Random Movie Title,An intense drama about the challenges of life and relationships.,4.286585,"[{""name"": ""Tatsunoko Productions Company"", ""id"": 34037}]","[{""iso_3166_1"": ""FR"", ""name"": ""France""}]",1995-09-06,384994.0,Post Production,Random Movie Title,6.6,205,2024-01-17 17:36:47
506020a3-79fd-444a-9c36-f6f9e9c41406,False,,"[{""id"": 10749, ""name"": ""Romance""}]",df156a4a-a347-4e54-9aa6-6b14cd6ccf09,tt9206147,es,Random Movie Title,An intense drama about the challenges of life and relationships.,9.159985,"[{""name"": ""Warner Bros"", ""id"": 34039}, {""name"": ""D.A. Films"", ""id"": 6541}]","[{""iso_3166_1"": ""JP"", ""name"": ""Japan""}, {""iso_3166_1"": ""GB"", ""name"": ""United Kingdom""}]",2018-12-08,836002.0,Post Production,Random Movie Title,9.5,539,2024-01-17 17:36:47
ba18e60c-ad21-4a5b-9d12-ddbe1301cc4f,False,,"[{""id"": 18, ""name"": ""Drama""}, {""id"": 16, ""name"": ""Animation""}]",ec70dc10-5bf7-4bcf-8ab2-4909b69dd9aa,tt4291682,ja,Random Movie Title,This is a dramatic story of love and adventure.,3.404364,"[{""name"": ""Pixar Animation Studios"", ""id"": 34040}]","[{""iso_3166_1"": ""US"", ""name"": ""United States""}]",1990-04-21,699028.0,In Production,Random Movie Title,4.5,370,2024-01-17 17:36:47
46d228b2-a4f7-4d2b-954e-a34eda44265f,True,,"[{""id"": 16, ""name"": ""Animation""}]",d9cad982-2eaa-4ce0-9a1b-a60c778ec3be,tt4517871,es,Random Movie Title,A comedic tale of mishaps and friendship.,6.367255,"[{""name"": ""D.A. Films"", ""id"": 6541}]","[{""iso_3166_1"": ""FR"", ""name"": ""France""}, {""iso_3166_1"": ""DE"", ""name"": ""Germany""}]",1983-01-26,635936.0,Post Production,Random Movie Title,8.6,861,2024-01-17 17:36:47
b51214d0-e547-4fee-8d14-9edc6ad2f307,False,,"[{""id"": 12, ""name"": ""Adventure""}, {""id"": 10749, ""name"": ""Romance""}]",1fcd381a-0b78-4ae4-b49f-a2b47e2eb9a3,tt2147943,fr,Random Movie Title,This is a dramatic story of love and adventure.,7.016045,"[{""name"": ""Warner Bros"", ""id"": 34039}]","[{""iso_3166_1"": ""FR"", ""name"": ""France""}, {""iso_3166_1"": ""JP"", ""name"": ""Japan""}]",1985-04-02,394507.0,Post Production,Random Movie Title,5.5,855,2024-01-17 17:36:47
d50468f0-b34d-4c9f-8967-b3c955d69f4d,True,,"[{""id"": 10749, ""name"": ""Romance""}, {""id"": 12, ""name"": ""Adventure""}, {""id"": 878, ""name"": ""Science Fiction""}]",708ccc8d-1608-4e83-841c-f072040695ca,tt7138384,fr,Random Movie Title,A comedic tale of mishaps and friendship.,2.740531,"[{""name"": ""D.A. Films"", ""id"": 6541}]","[{""iso_3166_1"": ""US"", ""name"": ""United States""}]",1995-03-01,5457.0,Released,Random Movie Title,8.1,95,2024-01-17 17:36:47
ca5e9370-6fe5-4814-afea-9bdcc5e0f9c1,True,,"[{""id"": 35, ""name"": ""Comedy""}, {""id"": 878, ""name"": ""Science Fiction""}]",6af36d03-b78c-420f-80ec-b92386a6295b,tt4076033,de,Random Movie Title,A thrilling journey of discovery unfolds in this exciting film.,6.762027,"[{""name"": ""Pixar Animation Studios"", ""id"": 34040}, {""name"": ""Studio Ghibli"", ""id"": 34038}]","[{""iso_3166_1"": ""FR"", ""name"": ""France""}, {""iso_3166_1"": ""DE"", ""name"": ""Germany""}]",1983-02-01,700784.0,Post Production,Random Movie Title,8.3,433,2024-01-17 17:36:47
45f283fc-589c-41a6-9e7a-493a6ce70ab9,True,,"[{""id"": 80, ""name"": ""Crime""}, {""id"": 12, ""name"": ""Adventure""}, {""id"": 10749, ""name"": ""Romance""}]",d82d8e51-d0c6-4a36-86b3-0bc02611db5f,tt1660529,de,Random Movie Title,An intense drama about the challenges of life and relationships.,1.929315,"[{""name"": ""Studio Ghibli"", ""id"": 34038}]","[{""iso_3166_1"": ""GB"", ""name"": ""United Kingdom""}, {""iso_3166_1"": ""FR"", ""name"": ""France""}]",1996-02-05,273313.0,Post Production,Random Movie Title,3.6,262,2024-01-17 17:36:47
835d9f2d-70ee-4636-8193-ac1567ccf3d6,False,,"[{""id"": 35, ""name"": ""Comedy""}, {""id"": 16, ""name"": ""Animation""}, {""id"": 12, ""name"": ""Adventure""}]",b8b5dcff-fc88-421c-bc5a-343ce95c5182,tt1615341,en,Random Movie Title,An intense drama about the challenges of life and relationships.,2.026876,"[{""name"": ""Tatsunoko Productions Company"", ""id"": 34037}, {""name"": ""Warner Bros"", ""id"": 34039}]","[{""iso_3166_1"": ""JP"", ""name"": ""Japan""}]",2013-08-27,628326.0,In Production,Random Movie Title,6.8,332,2024-01-17 17:36:47
ce60ae86-6ba3-454e-8ee4-769c7b51b8f6,False,,"[{""id"": 10749, ""name"": ""Romance""}]",73f29ca3-19c6-41e6-8f57-290aa2db7f4f,tt5095759,de,Random Movie Title,A comedic tale of mishaps and friendship.,9.630978,"[{""name"": ""D.A. Films"", ""id"": 6541}, {""name"": ""Tatsunoko Productions Company"", ""id"": 34037}]","[{""iso_3166_1"": ""GB"", ""name"": ""United Kingdom""}]",1999-07-07,292017.0,In Production,Random Movie Title,1.6,308,2024-01-17 17:36:47
7590b474-617c-4de5-8340-c8d1ba524ead,False,,"[{""id"": 35, ""name"": ""Comedy""}, {""id"": 16, ""name"": ""Animation""}, {""id"": 80, ""name"": ""Crime""}]",6e0f52f9-2a15-40bd-9348-684f6dc8718b,tt8959763,ja,Random Movie Title,A thrilling journey of discovery unfolds in this exciting film.,5.090238,"[{""name"": ""Studio Ghibli"", ""id"": 34038}]","[{""iso_3166_1"": ""US"", ""name"": ""United States""}]",1982-06-14,39768.0,Released,Random Movie Title,3.5,310,2024-01-17 17:36:47
912510c3-b8d7-4ab3-8c47-1a27849c56a9,True,,"[{""id"": 80, ""name"": ""Crime""}, {""id"": 878, ""name"": ""Science Fiction""}]",7eb00f7c-89e3-46fa-bd3a-3c5c5cb8056c,tt2700618,en,Random Movie Title,A thrilling journey of discovery unfolds in this exciting film.,9.904382,"[{""name"": ""Pixar Animation Studios"", ""id"": 34040}]","[{""iso_3166_1"": ""JP"", ""name"": ""Japan""}]",2013-12-24,500006.0,In Production,Random Movie Title,1.9,731,2024-01-17 17:36:47
cdb02f64-618c-4476-9312-ebba41c1af73,True,,"[{""id"": 18, ""name"": ""Drama""}, {""id"": 878, ""name"": ""Science Fiction""}, {""id"": 12, ""name"": ""Adventure""}]",c451d88d-543e-4d9b-90c6-dc20ca740723,tt3572105,es,Random Movie Title,This is a dramatic story of love and adventure.,3.290428,"[{""name"": ""D.A. Films"", ""id"": 6541}]","[{""iso_3166_1"": ""FR"", ""name"": ""France""}]",1980-05-25,478004.0,Released,Random Movie Title,0.4,390,2024-01-17 17:36:47
82181457-bcfb-497e-b488-b389e03e0e7c,False,,"[{""id"": 878, ""name"": ""Science Fiction""}, {""id"": 18, ""name"": ""Drama""}, {""id"": 12, ""name"": ""Adventure""}]",9b85d2f5-68ed-415a-bf3e-be8ffb3a812a,tt9719253,fr,Random Movie Title,A comedic tale of mishaps and friendship.,9.4049,"[{""name"": ""Tatsunoko Productions Company"", ""id"": 34037}, {""name"": ""Warner Bros"", ""id"": 34039}]","[{""iso_3166_1"": ""GB"", ""name"": ""United Kingdom""}]",2015-04-10,676570.0,Released,Random Movie Title,8.0,857,2024-01-17 17:36:47
295245a7-995c-4d42-b999-73d8971430fd,True,,"[{""id"": 18, ""name"": ""Drama""}]",1d0c9c71-e73e-4ee7-9dec-d699541a9284,tt2563109,de,Random Movie Title,A thrilling journey of discovery unfolds in this exciting film.,7.741352,"[{""name"": ""Pixar Animation Studios"", ""id"": 34040}, {""name"": ""Studio Ghibli"", ""id"": 34038}]","[{""iso_3166_1"": ""GB"", ""name"": ""United Kingdom""}, {""iso_3166_1"": ""FR"", ""name"": ""France""}]",2018-10-22,661218.0,In Production,Random Movie Title,7.5,763,2024-01-17 17:36:47
b15abf57-30b6-4ee1-810d-80da94102743,True,,"[{""id"": 18, ""name"": ""Drama""}, {""id"": 10749, ""name"": ""Romance""}, {""id"": 80, ""name"": ""Crime""}]",527775af-ca27-4aa2-b1db-f37289ac12df,tt2338372,en,Random Movie Title,An intense drama about the challenges of life and relationships.,3.475078,"[{""name"": ""Warner Bros"", ""id"": 34039}]","[{""iso_3166_1"": ""DE"", ""name"": ""Germany""}, {""iso_3166_1"": ""FR"", ""name"": ""France""}]",2003-12-27,277723.0,Post Production,Random Movie Title,4.1,695,2024-01-17 17:36:47
c26209a7-2fdc-451a-be7f-93e9f16c3ff6,True,,"[{""id"": 878, ""name"": ""Science Fiction""}, {""id"": 80, ""name"": ""Crime""}]",e57f9beb-2b79-445d-9356-3715fc517130,tt2016530,fr,Random Movie Title,A thrilling journey of discovery unfolds in this exciting film.,4.707416,"[{""name"": ""Studio Ghibli"", ""id"": 34038}, {""name"": ""D.A. Films"", ""id"": 6541}]","[{""iso_3166_1"": ""GB"", ""name"": ""United Kingdom""}]",1992-03-21,623910.0,In Production,Random Movie Title,5.0,58,2024-01-17 17:36:47
016994b9-81b3-43bb-89c2-ad7b7ca618fb,True,,"[{""id"": 10749, ""name"": ""Romance""}]",08a657b8-6b2a-4cd8-9b5b-513fef025fa3,tt3792390,ja,Random Movie Title,A comedic tale of mishaps and friendship.,2.081158,"[{""name"": ""Pixar Animation Studios"", ""id"": 34040}]","[{""iso_3166_1"": ""DE"", ""name"": ""Germany""}, {""iso_3166_1"": ""FR"", ""name"": ""France""}]",1992-09-04,989317.0,Released,Random Movie Title,9.9,683,2024-01-17 17:36:47
fdeb734d-1d9f-4e6a-8b40-be31107058cc,False,,"[{""id"": 10749, ""name"": ""Romance""}, {""id"": 80, ""name"": ""Crime""}, {""id"": 12, ""name"": ""Adventure""}]",850e0bc6-0ca3-4b81-a43f-36b751a25983,tt3195242,en,Random Movie Title,A thrilling journey of discovery unfolds in this exciting film.,7.42593,"[{""name"": ""Tatsunoko Productions Company"", ""id"": 34037}]","[{""iso_3166_1"": ""US"", ""name"": ""United States""}, {""iso_3166_1"": ""DE"", ""name"": ""Germany""}]",1999-02-18,618675.0,In Production,Random Movie Title,1.0,794,2024-01-17 17:36:47
0923af98-d7fe-4c1f-a709-0277141ca13a,False,,"[{""id"": 878, ""name"": ""Science Fiction""}]",34f7571c-5699-47a9-b86b-9bee8339daa0,tt9294588,fr,Random Movie Title,This is a dramatic story of love and adventure.,7.491081,"[{""name"": ""Pixar Animation Studios"", ""id"": 34040}]","[{""iso_3166_1"": ""FR"", ""name"": ""France""}]",1984-07-26,656601.0,Released,Random Movie Title,7.6,403,2024-01-17 17:36:47
15f26fb1-7eb6-4e65-abac-237c7c3ad0ac,False,,"[{""id"": 10749, ""name"": ""Romance""}]",84e02c22-4df4-48ac-82f6-fda4d632cf99,tt2040897,es,Random Movie Title,An intense drama about the challenges of life and relationships.,6.241887,"[{""name"": ""Warner Bros"", ""id"": 34039}, {""name"": ""Tatsunoko Productions Company"", ""id"": 34037}]","[{""iso_3166_1"": ""FR"", ""name"": ""France""}, {""iso_3166_1"": ""DE"", ""name"": ""Germany""}]",1980-09-12,459094.0,Post Production,Random Movie Title,5.6,743,2024-01-17 17:36:47
758a6310-8614-4f59-9840-1f6af29f1370,False,,"[{""id"": 878, ""name"": ""Science Fiction""}, {""id"": 16, ""name"": ""Animation""}]",a2bc2b66-9765-47a4-9a4e-b902420b5c64,tt2437643,ja,Random Movie Title,An intense drama about the challenges of life and relationships.,4.314681,"[{""name"": ""D.A. Films"", ""id"": 6541}, {""name"": ""Studio Ghibli"", ""id"": 34038}]","[{""iso_3166_1"": ""FR"", ""name"": ""France""}]",2010-08-15,492914.0,Post Production,Random Movie Title,2.4,117,2024-01-17 17:36:47
749ccb51-c9d5-4ac3-9f54-f48aad27e001,False,,"[{""id"": 878, ""name"": ""Science Fiction""}, {""id"": 80, ""name"": ""Crime""}]",9c3c89d4-ad20-485a-b769-b12b6c3e178f,tt8633637,de,Random Movie Title,A comedic tale of mishaps and friendship.,5.556501,"[{""name"": ""D.A. Films"", ""id"": 6541}]","[{""iso_3166_1"": ""GB"", ""name"": ""United Kingdom""}, {""iso_3166_1"": ""FR"", ""name"": ""France""}]",2004-07-03,362183.0,Released,Random Movie Title,2.9,769,2024-01-17 17:36:47
c3129008-781d-473a-ac4f-8e47a0187998,True,,"[{""id"": 12, ""name"": ""Adventure""}]",15c3412b-1944-4aa9-a45f-a8b2591a0512,tt6761299,es,Random Movie Title,This is a dramatic story of love and adventure.,4.066306,"[{""name"": ""Warner Bros"", ""id"": 34039}, {""name"": ""D.A. Films"", ""id"": 6541}]","[{""iso_3166_1"": ""DE"", ""name"": ""Germany""}, {""iso_3166_1"": ""FR"", ""name"": ""France""}]",1989-04-22,697911.0,Released,Random Movie Title,6.3,358,2024-01-17 17:36:47
71df473c-4fb2-4df8-9c8e-1842ed7920ef,False,,"[{""id"": 12, ""name"": ""Adventure""}, {""id"": 35, ""name"": ""Comedy""}, {""id"": 80, ""name"": ""Crime""}]",8470f62b-0aff-48a1-8549-520182634ef7,tt1661121,en,Random Movie Title,A comedic tale of mishaps and friendship.,6.553961,"[{""name"": ""Pixar Animation Studios"", ""id"": 34040}]","[{""iso_3166_1"": ""FR"", ""name"": ""France""}, {""iso_3166_1"": ""JP"", ""name"": ""Japan""}]",2020-05-09,355723.0,Post Production,Random Movie Title,4.8,333,2024-01-17 17:36:47
9e567f96-c066-47e6-b433-30b5e305e000,True,,"[{""id"": 878, ""name"": ""Science Fiction""}]",98304a65-2051-4aad-ae9c-988909a121e4,tt9828773,es,Random Movie Title,An intense drama about the challenges of life and relationships.,2.330879,"[{""name"": ""Warner Bros"", ""id"": 34039}, {""name"": ""Pixar Animation Studios"", ""id"": 34040}]","[{""iso_3166_1"": ""DE"", ""name"": ""Germany""}, {""iso_3166_1"": ""GB"", ""name"": ""United Kingdom""}]",1980-11-18,607910.0,Released,Random Movie Title,4.1,287,2024-01-17 17:36:47
6714133d-2bb6-4765-8db5-d4b8a4f091b7,True,,"[{""id"": 18, ""name"": ""Drama""}]",c68a347c-a457-4ca9-b19a-e73c53f4150f,tt6227135,fr,Random Movie Title,A comedic tale of mishaps and friendship.,5.122448,"[{""name"": ""Pixar Animation Studios"", ""id"": 34040}, {""name"": ""Warner Bros"", ""id"": 34039}]","[{""iso_3166_1"": ""US"", ""name"": ""United States""}]",2010-03-09,666726.0,Post Production,Random Movie Title,5.2,365,2024-01-17 17:36:47
81315103-c5af-4e06-be4c-3b3383dade3e,True,,"[{""id"": 10749, ""name"": ""Romance""}, {""id"": 80, ""name"": ""Crime""}, {""id"": 18, ""name"": ""Drama""}]",e642e94d-3538-43c4-8284-ffb932df359c,tt4247496,ja,Random Movie Title,A comedic tale of mishaps and friendship.,4.629657,"[{""name"": ""Studio Ghibli"", ""id"": 34038}]","[{""iso_3166_1"": ""US"", ""name"": ""United States""}]",2009-11-21,314943.0,Post Production,Random Movie Title,9.7,185,2024-01-17 17:36:47
4c0c21d0-7127-4223-98d3-9880b7731f80,False,,"[{""id"": 80, ""name"": ""Crime""}, {""id"": 12, ""name"": ""Adventure""}, {""id"": 10749, ""name"": ""Romance""}]",4549a870-6689-43bd-a68d-49c778ca1b69,tt7543311,en,Random Movie Title,An intense drama about the challenges of life and relationships.,5.873602,"[{""name"": ""D.A. Films"", ""id"": 6541}]","[{""iso_3166_1"": ""FR"", ""name"": ""France""}, {""iso_3166_1"": ""GB"", ""name"": ""United Kingdom""}]",2019-01-12,445374.0,In Production,Random Movie Title,6.3,565,2024-01-17 17:36:47
9966fa29-71c3-4e3a-87f2-1d31c63c6ba2,True,,"[{""id"": 12, ""name"": ""Adventure""}, {""id"": 10749, ""name"": ""Romance""}, {""id"": 80, ""name"": ""Crime""}]",4edd187b-0377-4514-b082-4d40cc15c130,tt5026359,ja,Random Movie Title,This is a dramatic story of love and adventure.,8.064249,"[{""name"": ""Studio Ghibli"", ""id"": 34038}]","[{""iso_3166_1"": ""FR"", ""name"": ""France""}]",2001-08-16,277574.0,In Production,Random Movie Title,1.0,983,2024-01-17 17:36:47
0205c23e-4fac-4d32-a21c-38899666028c,True,,"[{""id"": 18, ""name"": ""Drama""}, {""id"": 16, ""name"": ""Animation""}, {""id"": 878, ""name"": ""Science Fiction""}]",cbbc168a-67aa-48ed-ae82-07663d2684b0,tt7880749,ja,Random Movie Title,An intense drama about the challenges of life and relationships.,4.206869,"[{""name"": ""D.A. Films"", ""id"": 6541}]","[{""iso_3166_1"": ""FR"", ""name"": ""France""}, {""iso_3166_1"": ""DE"", ""name"": ""Germany""}]",2006-10-15,647352.0,Post Production,Random Movie Title,4.1,915,2024-01-17 17:36:47
65a72509-c9f4-466e-bee6-abb194f9bf41,True,,"[{""id"": 80, ""name"": ""Crime""}, {""id"": 16, ""name"": ""Animation""}, {""id"": 18, ""name"": ""Drama""}]",ffb9fc10-be69-4c7b-aec9-fd19b80a22fc,tt5600707,en,Random Movie Title,A comedic tale of mishaps and friendship.,3.205183,"[{""name"": ""Pixar Animation Studios"", ""id"": 34040}]","[{""iso_3166_1"": ""US"", ""name"": ""United States""}, {""iso_3166_1"": ""FR"", ""name"": ""France""}]",2019-01-13,528644.0,Post Production,Random Movie Title,4.2,318,2024-01-17 17:36:47
0db4e14a-1a61-47ba-9df7-05a0a1ea719a,True,,"[{""id"": 12, ""name"": ""Adventure""}]",97999376-a301-4333-b260-a1bac0d96207,tt3182055,fr,Random Movie Title,A comedic tale of mishaps and friendship.,7.355481,"[{""name"": ""Studio Ghibli"", ""id"": 34038}]","[{""iso_3166_1"": ""DE"", ""name"": ""Germany""}]",1989-10-13,872165.0,Post Production,Random Movie Title,3.0,395,2024-01-17 17:36:47
40071839-649d-4b22-b5d9-a84d02251bbc,False,,"[{""id"": 878, ""name"": ""Science Fiction""}]",7738f7a1-d99c-410a-9417-ab9afbea6e11,tt7436127,ja,Random Movie Title,A comedic tale of mishaps and friendship.,5.169,"[{""name"": ""Warner Bros"", ""id"": 34039}]","[{""iso_3166_1"": ""US"", ""name"": ""United States""}]",2014-01-17,836873.0,In Production,Random Movie Title,4.0,419,2024-01-17 17:36:47
78c5276f-b723-43ee-9d44-1761797e7db8,True,,"[{""id"": 12, ""name"": ""Adventure""}, {""id"": 80, ""name"": ""Crime""}]",689586d7-851c-4ea5-b564-46367fcedaac,tt7870652,fr,Random Movie Title,An intense drama about the challenges of life and relationships.,5.22773,"[{""name"": ""Pixar Animation Studios"", ""id"": 34040}, {""name"": ""Warner Bros"", ""id"": 34039}]","[{""iso_3166_1"": ""DE"", ""name"": ""Germany""}, {""iso_3166_1"": ""JP"", ""name"": ""Japan""}]",1995-07-23,401557.0,Released,Random Movie Title,9.6,136,2024-01-17 17:36:47
0fc4aae2-1ea9-4820-8445-da1208e79f5c,True,,"[{""id"": 878, ""name"": ""Science Fiction""}, {""id"": 35, ""name"": ""Comedy""}]",2aca4899-6525-45bb-9aeb-43611aa3c394,tt7953978,de,Random Movie Title,A comedic tale of mishaps and friendship.,1.780716,"[{""name"": ""Warner Bros"", ""id"": 34039}, {""name"": ""Pixar Animation Studios"", ""id"": 34040}]","[{""iso_3166_1"": ""DE"", ""name"": ""Germany""}]",1995-01-12,557396.0,Released,Random Movie Title,2.9,881,2024-01-17 17:36:47
0c9549c3-22f4-409c-a05f-da17a50e59e6,True,,"[{""id"": 12, ""name"": ""Adventure""}, {""id"": 16, ""name"": ""Animation""}]",839e47d6-c090-430c-a8d2-2703d03b39b1,tt2216919,ja,Random Movie Title,An intense drama about the challenges of life and relationships.,5.333248,"[{""name"": ""Pixar Animation Studios"", ""id"": 34040}, {""name"": ""Warner Bros"", ""id"": 34039}]","[{""iso_3166_1"": ""JP"", ""name"": ""Japan""}]",2002-12-16,256045.0,In Production,Random Movie Title,7.1,234,2024-01-17 17:36:47
bc757163-4d07-4fe0-b8ba-de2bbac81d6c,False,,"[{""id"": 12, ""name"": ""Adventure""}, {""id"": 35, ""name"": ""Comedy""}]",e7e75d33-fb10-43d9-b7de-8c6cc150079d,tt7333238,ja,Random Movie Title,A comedic tale of mishaps and friendship.,6.98223,"[{""name"": ""Tatsunoko Productions Company"", ""id"": 34037}]","[{""iso_3166_1"": ""DE"", ""name"": ""Germany""}, {""iso_3166_1"": ""JP"", ""name"": ""Japan""}]",1987-07-08,206628.0,In Production,Random Movie Title,9.9,639,2024-01-17 17:36:47
f12dd834-74ac-4518-b14e-0936fbdd9b34,True,,"[{""id"": 80, ""name"": ""Crime""}]",6bbd5189-7eeb-427e-acc4-c5a3fecab494,tt6035179,en,Random Movie Title,An intense drama about the challenges of life and relationships.,0.952464,"[{""name"": ""Tatsunoko Productions Company"", ""id"": 34037}, {""name"": ""Warner Bros"", ""id"": 34039}]","[{""iso_3166_1"": ""GB"", ""name"": ""United Kingdom""}, {""iso_3166_1"": ""JP"", ""name"": ""Japan""}]",2012-08-15,370678.0,Post Production,Random Movie Title,8.3,196,2024-01-17 17:36:47
f4e640d8-8cf4-499d-bd2d-3e0bcd5221be,False,,"[{""id"": 12, ""name"": ""Adventure""}]",fddf77c9-30a1-410a-9b88-e49489422483,tt4297374,fr,Random Movie Title,This is a dramatic story of love and adventure.,5.474651,"[{""name"": ""Pixar Animation Studios"", ""id"": 34040}, {""name"": ""D.A. Films"", ""id"": 6541}]","[{""iso_3166_1"": ""DE"", ""name"": ""Germany""}]",2004-06-19,637928.0,Released,Random Movie Title,0.5,95,2024-01-17 17:36:47
f6ad3044-8c62-482a-a58c-3a165a9370e3,True,,"[{""id"": 80, ""name"": ""Crime""}, {""id"": 10749, ""name"": ""Romance""}, {""id"": 12, ""name"": ""Adventure""}]",279d3f36-c672-4332-b5ec-c8ed5b22749d,tt5624876,ja,Random Movie Title,An intense drama about the challenges of life and relationships.,5.584979,"[{""name"": ""Warner Bros"", ""id"": 34039}]","[{""iso_3166_1"": ""US"", ""name"": ""United States""}, {""iso_3166_1"": ""JP"", ""name"": ""Japan""}]",1983-07-13,907308.0,In Production,Random Movie Title,9.4,939,2024-01-17 17:36:47
490b6bfb-84cf-4995-9a2a-861f19ddac21,True,,"[{""id"": 80, ""name"": ""Crime""}]",ffbd8add-d2a5-4604-bb8e-7c9bd677b2a6,tt8828448,ja,Random Movie Title,A comedic tale of mishaps and friendship.,4.299917,"[{""name"": ""Tatsunoko Productions Company"", ""id"": 34037}, {""name"": ""Pixar Animation Studios"", ""id"": 34040}]","[{""iso_3166_1"": ""GB"", ""name"": ""United Kingdom""}]",2002-10-22,540543.0,Released,Random Movie Title,5.8,322,2024-01-17 17:36:47
2f727d96-92a5-4650-84a0-9ae566c51313,False,,"[{""id"": 878, ""name"": ""Science Fiction""}, {""id"": 16, ""name"": ""Animation""}, {""id"": 35, ""name"": ""Comedy""}]",923a46f9-d9ef-4901-8817-ecf9603fb6a8,tt4035261,es,Random Movie Title,This is a dramatic story of love and adventure.,2.078159,"[{""name"": ""Tatsunoko Productions Company"", ""id"": 34037}, {""name"": ""Pixar Animation Studios"", ""id"": 34040}]","[{""iso_3166_1"": ""DE"", ""name"": ""Germany""}]",2008-06-26,117038.0,Released,Random Movie Title,6.3,20,2024-01-17 17:36:47
d8d7ec34-548e-4a39-bf85-3bd329592e70,False,,"[{""id"": 18, ""name"": ""Drama""}, {""id"": 35, ""name"": ""Comedy""}, {""id"": 12, ""name"": ""Adventure""}]",98d825c1-55bf-4208-89ba-504ddc70ee82,tt3732081,fr,Random Movie Title,A thrilling journey of discovery unfolds in this exciting film.,2.81502,"[{""name"": ""Warner Bros"", ""id"": 34039}, {""name"": ""Pixar Animation Studios"", ""id"": 34040}]","[{""iso_3166_1"": ""US"", ""name"": ""United States""}, {""iso_3166_1"": ""FR"", ""name"": ""France""}]",1982-11-22,392824.0,In Production,Random Movie Title,9.2,76,2024-01-17 17:36:47
b646d32b-2179-4c95-a15d-10af31296143,True,,"[{""id"": 12, ""name"": ""Adventure""}, {""id"": 10749, ""name"": ""Romance""}]",6143e39a-3c81-49aa-b00d-b6ab222c25e2,tt5283756,es,Random Movie Title,A comedic tale of mishaps and friendship.,3.573115,"[{""name"": ""Studio Ghibli"", ""id"": 34038}]","[{""iso_3166_1"": ""US"", ""name"": ""United States""}, {""iso_3166_1"": ""DE"", ""name"": ""Germany""}]",2008-05-22,79032.0,Released,Random Movie Title,2.4,164,2024-01-17 17:36:47
da5ef7c1-5c6f-4de3-869b-733dd2ae6b40,True,,"[{""id"": 16, ""name"": ""Animation""}]",9d55cc7f-020b-4ac7-95e4-6defc5fb7001,tt3318842,fr,Random Movie Title,This is a dramatic story of love and adventure.,9.174462,"[{""name"": ""D.A. Films"", ""id"": 6541}]","[{""iso_3166_1"": ""DE"", ""name"": ""Germany""}]",2015-04-28,1717.0,Post Production,Random Movie Title,7.5,795,2024-01-17 17:36:47
a2326068-abed-4b99-b094-e157f9784528,True,,"[{""id"": 16, ""name"": ""Animation""}, {""id"": 878, ""name"": ""Science Fiction""}, {""id"": 18, ""name"": ""Drama""}]",617b1215-c754-4108-b0ab-828670893409,tt3079546,de,Random Movie Title,A comedic tale of mishaps and friendship.,9.255267,"[{""name"": ""Studio Ghibli"", ""id"": 34038}]","[{""iso_3166_1"": ""US"", ""name"": ""United States""}, {""iso_3166_1"": ""DE"", ""name"": ""Germany""}]",1986-09-05,891161.0,In Production,Random Movie Title,9.6,976,2024-01-17 17:36:47
ffcc2927-fe12-4ee9-af98-b5824ff74abc,True,,"[{""id"": 80, ""name"": ""Crime""}, {""id"": 16, ""name"": ""Animation""}, {""id"": 10749, ""name"": ""Romance""}]",c30bf190-c227-4dfd-b620-f4390a07ceae,tt4456152,en,Random Movie Title,This is a dramatic story of love and adventure.,4.621459,"[{""name"": ""Studio Ghibli"", ""id"": 34038}]","[{""iso_3166_1"": ""US"", ""name"": ""United States""}, {""iso_3166_1"": ""GB"", ""name"": ""United Kingdom""}]",1997-03-08,982317.0,Released,Random Movie Title,6.0,900,2024-01-17 17:36:47
643f6cb3-80db-4a6e-a986-7937e71bacf3,True,,"[{""id"": 16, ""name"": ""Animation""}, {""id"": 12, ""name"": ""Adventure""}, {""id"": 35, ""name"": ""Comedy""}]",e2838c3c-ab87-4fc3-abc8-11046486f4af,tt3079319,ja,Random Movie Title,A comedic tale of mishaps and friendship.,8.033013,"[{""name"": ""Pixar Animation Studios"", ""id"": 34040}]","[{""iso_3166_1"": ""US"", ""name"": ""United States""}, {""iso_3166_1"": ""FR"", ""name"": ""France""}]",2015-10-26,222331.0,Released,Random Movie Title,5.9,483,2024-01-17 17:36:47
f30451be-fdde-448c-afc4-324a68325073,False,,"[{""id"": 12, ""name"": ""Adventure""}, {""id"": 80, ""name"": ""Crime""}, {""id"": 16, ""name"": ""Animation""}]",1f6d78ca-7f16-4064-8a10-f0f31e1e1b4c,tt8145327,en,Random Movie Title,This is a dramatic story of love and adventure.,0.851356,"[{""name"": ""Studio Ghibli"", ""id"": 34038}]","[{""iso_3166_1"": ""GB"", ""name"": ""United Kingdom""}]",1995-01-23,683573.0,In Production,Random Movie Title,5.3,460,2024-01-17 17:36:47
124b6452-24e0-46de-81c6-b3b8be0ecc10,False,,"[{""id"": 878, ""name"": ""Science Fiction""}, {""id"": 16, ""name"": ""Animation""}, {""id"": 80, ""name"": ""Crime""}]",f7411f71-0c9f-4ef2-8ea0-5529e2bcb65a,tt7892638,fr,Random Movie Title,An intense drama about the challenges of life and relationships.,2.175332,"[{""name"": ""Pixar Animation Studios"", ""id"": 34040}]","[{""iso_3166_1"": ""US"", ""name"": ""United States""}]",1983-07-03,118226.0,In Production,Random Movie Title,3.3,769,2024-01-17 17:36:47
db112527-42d4-4f3f-b742-58a1b95659a1,False,,"[{""id"": 10749, ""name"": ""Romance""}, {""id"": 16, ""name"": ""Animation""}]",39a131f5-7e9b-4adb-b427-4edd8dc05033,tt3495942,en,Random Movie Title,A comedic tale of mishaps and friendship.,2.330932,"[{""name"": ""Pixar Animation Studios"", ""id"": 34040}, {""name"": ""Tatsunoko Productions Company"", ""id"": 34037}]","[{""iso_3166_1"": ""US"", ""name"": ""United States""}, {""iso_3166_1"": ""FR"", ""name"": ""France""}]",2004-12-14,404662.0,Released,Random Movie Title,0.1,907,2024-01-17 17:36:47
b0bb31fb-9f6b-4ecb-a619-305a3ebb9740,True,,"[{""id"": 10749, ""name"": ""Romance""}, {""id"": 12, ""name"": ""Adventure""}]",429b139b-6f45-4142-aebc-a2b66f9c61f5,tt8897719,de,Random Movie Title,An intense drama about the challenges of life and relationships.,1.192603,"[{""name"": ""D.A. Films"", ""id"": 6541}, {""name"": ""Pixar Animation Studios"", ""id"": 34040}]","[{""iso_3166_1"": ""JP"", ""name"": ""Japan""}, {""iso_3166_1"": ""US"", ""name"": ""United States""}]",1992-10-16,225145.0,Released,Random Movie Title,1.8,189,2024-01-17 17:36:47
3164f199-08ad-4f88-a64c-f5660ff52cc9,False,,"[{""id"": 10749, ""name"": ""Romance""}, {""id"": 35, ""name"": ""Comedy""}]",aa32582c-6367-40e8-8548-c978a91dbfd1,tt9772944,ja,Random Movie Title,A comedic tale of mishaps and friendship.,6.654973,"[{""name"": ""D.A. Films"", ""id"": 6541}, {""name"": ""Studio Ghibli"", ""id"": 34038}]","[{""iso_3166_1"": ""FR"", ""name"": ""France""}]",1995-06-05,646896.0,Post Production,Random Movie Title,0.8,719,2024-01-17 17:36:47
e494f3a1-3d8c-4e9c-a935-92322f2f701b,False,,"[{""id"": 16, ""name"": ""Animation""}, {""id"": 878, ""name"": ""Science Fiction""}, {""id"": 12, ""name"": ""Adventure""}]",07515415-237c-444b-86ed-2058fbf76ed9,tt6693032,en,Random Movie Title,A comedic tale of mishaps and friendship.,7.055414,"[{""name"": ""D.A. Films"", ""id"": 6541}]","[{""iso_3166_1"": ""JP"", ""name"": ""Japan""}]",1997-04-17,830349.0,In Production,Random Movie Title,9.8,673,2024-01-17 17:36:47
25a19485-8cd6-4a5a-9a86-a883d17c5a7d,False,,"[{""id"": 35, ""name"": ""Comedy""}, {""id"": 878, ""name"": ""Science Fiction""}, {""id"": 16, ""name"": ""Animation""}]",bf9e029c-48b7-4ee4-8821-264243b6f280,tt9220768,es,Random Movie Title,This is a dramatic story of love and adventure.,8.433099,"[{""name"": ""Tatsunoko Productions Company"", ""id"": 34037}]","[{""iso_3166_1"": ""GB"", ""name"": ""United Kingdom""}]",1990-11-09,149464.0,Released,Random Movie Title,6.3,436,2024-01-17 17:36:47
d109c1c2-15a1-4429-a833-97547e725e3c,True,,"[{""id"": 18, ""name"": ""Drama""}]",e3dd4fbf-9d83-4865-a197-17b339eda073,tt9632096,es,Random Movie Title,An intense drama about the challenges of life and relationships.,2.420258,"[{""name"": ""Pixar Animation Studios"", ""id"": 34040}]","[{""iso_3166_1"": ""JP"", ""name"": ""Japan""}]",1993-05-01,943270.0,Released,Random Movie Title,5.0,592,2024-01-17 17:36:47
589a5336-e401-4b95-ae4b-dc48f8003284,False,,"[{""id"": 35, ""name"": ""Comedy""}, {""id"": 16, ""name"": ""Animation""}, {""id"": 80, ""name"": ""Crime""}]",6567b60c-6d3f-489f-af9f-323cff1e9ec1,tt1796063,es,Random Movie Title,This is a dramatic story of love and adventure.,8.49448,"[{""name"": ""Pixar Animation Studios"", ""id"": 34040}, {""name"": ""D.A. Films"", ""id"": 6541}]","[{""iso_3166_1"": ""US"", ""name"": ""United States""}, {""iso_3166_1"": ""GB"", ""name"": ""United Kingdom""}]",1984-11-03,364466.0,In Production,Random Movie Title,2.2,289,2024-01-17 17:36:47
59e0c81a-f19b-40ce-a7b9-4b1eca38a622,True,,"[{""id"": 10749, ""name"": ""Romance""}, {""id"": 35, ""name"": ""Comedy""}]",f2b3c275-1e67-479f-9489-7e3e95e00d4f,tt5764390,fr,Random Movie Title,A comedic tale of mishaps and friendship.,9.572589,"[{""name"": ""Studio Ghibli"", ""id"": 34038}]","[{""iso_3166_1"": ""JP"", ""name"": ""Japan""}]",1993-12-01,34325.0,In Production,Random Movie Title,7.7,502,2024-01-17 17:36:47
1baf9859-87ea-4f52-9f29-d4da117c3ab6,False,,"[{""id"": 878, ""name"": ""Science Fiction""}]",f7827093-e874-4455-80da-04dbf6f5cc5a,tt8563001,en,Random Movie Title,A thrilling journey of discovery unfolds in this exciting film.,8.008066,"[{""name"": ""Studio Ghibli"", ""id"": 34038}]","[{""iso_3166_1"": ""GB"", ""name"": ""United Kingdom""}, {""iso_3166_1"": ""US"", ""name"": ""United States""}]",2014-03-04,117806.0,Post Production,Random Movie Title,2.0,354,2024-01-17 17:36:47
62bd6333-219e-471a-a43a-ed770713e6e8,True,,"[{""id"": 35, ""name"": ""Comedy""}]",ba5091f0-2e46-4a1f-8f76-d55c0c45bb8f,tt2100221,es,Random Movie Title,A thrilling journey of discovery unfolds in this exciting film.,9.177809,"[{""name"": ""Studio Ghibli"", ""id"": 34038}]","[{""iso_3166_1"": ""US"", ""name"": ""United States""}]",1983-05-20,640779.0,In Production,Random Movie Title,3.6,787,2024-01-17 17:36:47
f84dc086-79c4-447f-893e-9b4d2d3ba031,False,,"[{""id"": 10749, ""name"": ""Romance""}, {""id"": 18, ""name"": ""Drama""}, {""id"": 16, ""name"": ""Animation""}]",1cb5d3cc-a420-4109-8e50-839aa914c3cd,tt1761379,es,Random Movie Title,An intense drama about the challenges of life and relationships.,8.81191,"[{""name"": ""D.A. Films"", ""id"": 6541}]","[{""iso_3166_1"": ""GB"", ""name"": ""United Kingdom""}, {""iso_3166_1"": ""JP"", ""name"": ""Japan""}]",1983-06-15,831358.0,Post Production,Random Movie Title,4.3,148,2024-01-17 17:36:47
3ac4508d-f00a-431a-a548-dde089a06c1f,False,,"[{""id"": 35, ""name"": ""Comedy""}, {""id"": 12, ""name"": ""Adventure""}, {""id"": 10749, ""name"": ""Romance""}]",cdba73c6-5d2e-49e8-89f4-cf0985819d90,tt5020618,fr,Random Movie Title,This is a dramatic story of love and adventure.,0.780684,"[{""name"": ""Warner Bros"", ""id"": 34039}, {""name"": ""Pixar Animation Studios"", ""id"": 34040}]","[{""iso_3166_1"": ""FR"", ""name"": ""France""}, {""iso_3166_1"": ""US"", ""name"": ""United States""}]",1985-08-01,204690.0,In Production,Random Movie Title,3.4,847,2024-01-17 17:36:47
9bb2b53c-6e07-466c-9202-2842e1999ad9,False,,"[{""id"": 16, ""name"": ""Animation""}]",b35ff6cc-afe0-4b0c-b5db-579bd10af404,tt8700489,fr,Random Movie Title,A comedic tale of mishaps and friendship.,1.399529,"[{""name"": ""Warner Bros"", ""id"": 34039}]","[{""iso_3166_1"": ""US"", ""name"": ""United States""}, {""iso_3166_1"": ""DE"", ""name"": ""Germany""}]",1994-08-08,324621.0,Released,Random Movie Title,1.4,950,2024-01-17 17:36:47
98f2fabc-f989-4bd1-af68-8456e04645ee,False,,"[{""id"": 18, ""name"": ""Drama""}]",790e5601-cd60-4278-8a76-183d38c5435d,tt6183972,ja,Random Movie Title,This is a dramatic story of love and adventure.,5.024693,"[{""name"": ""Pixar Animation Studios"", ""id"": 34040}, {""name"": ""Tatsunoko Productions Company"", ""id"": 34037}]","[{""iso_3166_1"": ""JP"", ""name"": ""Japan""}, {""iso_3166_1"": ""DE"", ""name"": ""Germany""}]",2015-03-18,679006.0,In Production,Random Movie Title,4.4,787,2024-01-17 17:36:47
2af54acc-4cb4-47bc-9ee2-4070d95288ea,False,,"[{""id"": 18, ""name"": ""Drama""}, {""id"": 80, ""name"": ""Crime""}, {""id"": 878, ""name"": ""Science Fiction""}]",39c2c157-dc9c-4a55-aa7d-dc0fcabfce0f,tt5040895,ja,Random Movie Title,A comedic tale of mishaps and friendship.,1.114979,"[{""name"": ""Pixar Animation Studios"", ""id"": 34040}, {""name"": ""Warner Bros"", ""id"": 34039}]","[{""iso_3166_1"": ""JP"", ""name"": ""Japan""}, {""iso_3166_1"": ""GB"", ""name"": ""United Kingdom""}]",2016-06-10,466598.0,Post Production,Random Movie Title,1.4,233,2024-01-17 17:36:47
eb42f705-f065-403e-9318-9964ffd0021e,True,,"[{""id"": 16, ""name"": ""Animation""}]",2185c3e7-d55d-406e-b9e9-36fecfa2aa61,tt8603157,fr,Random Movie Title,An intense drama about the challenges of life and relationships.,0.41976,"[{""name"": ""Studio Ghibli"", ""id"": 34038}, {""name"": ""D.A. Films"", ""id"": 6541}]","[{""iso_3166_1"": ""FR"", ""name"": ""France""}]",1984-03-10,38436.0,Released,Random Movie Title,0.5,72,2024-01-17 17:36:47
1a1caa0f-05ef-42e2-85e1-eafa52943e62,True,,"[{""id"": 80, ""name"": ""Crime""}, {""id"": 878, ""name"": ""Science Fiction""}]",2d5cf858-6f9b-4440-87f9-cfd3929cc518,tt1066382,fr,Random Movie Title,A thrilling journey of discovery unfolds in this exciting film.,5.108213,"[{""name"": ""D.A. Films"", ""id"": 6541}]","[{""iso_3166_1"": ""FR"", ""name"": ""France""}, {""iso_3166_1"": ""JP"", ""name"": ""Japan""}]",2020-10-11,229219.0,In Production,Random Movie Title,1.5,735,2024-01-17 17:36:47
bee9ed1f-5f76-4978-9d63-862b95fa3b59,True,,"[{""id"": 878, ""name"": ""Science Fiction""}, {""id"": 16, ""name"": ""Animation""}, {""id"": 35, ""name"": ""Comedy""}]",fda029de-14dc-4306-bbf5-cab731cd4ebc,tt9364258,en,Random Movie Title,An intense drama about the challenges of life and relationships.,9.902329,"[{""name"": ""D.A. Films"", ""id"": 6541}]","[{""iso_3166_1"": ""GB"", ""name"": ""United Kingdom""}]",1989-06-05,236111.0,Released,Random Movie Title,8.4,44,2024-01-17 17:36:47
2d87a057-1c60-43ac-83ee-922f9dadb526,False,,"[{""id"": 12, ""name"": ""Adventure""}, {""id"": 35, ""name"": ""Comedy""}]",509acdcd-a637-4336-9547-07b95e520550,tt5633573,ja,Random Movie Title,An intense drama about the challenges of life and relationships.,4.541727,"[{""name"": ""D.A. Films"", ""id"": 6541}]","[{""iso_3166_1"": ""GB"", ""name"": ""United Kingdom""}, {""iso_3166_1"": ""DE"", ""name"": ""Germany""}]",2000-04-11,856788.0,In Production,Random Movie Title,4.7,455,2024-01-17 17:36:47
c018a098-f916-41aa-aaa8-46145c9b969b,False,,"[{""id"": 16, ""name"": ""Animation""}, {""id"": 18, ""name"": ""Drama""}, {""id"": 10749, ""name"": ""Romance""}]",c1e31df3-4ed7-4c2b-a585-a41bfdb29d0b,tt5155337,es,Random Movie Title,This is a dramatic story of love and adventure.,6.262344,"[{""name"": ""Pixar Animation Studios"", ""id"": 34040}, {""name"": ""Warner Bros"", ""id"": 34039}]","[{""iso_3166_1"": ""US"", ""name"": ""United States""}, {""iso_3166_1"": ""JP"", ""name"": ""Japan""}]",1980-07-20,69877.0,Post Production,Random Movie Title,3.6,98,2024-01-17 17:36:47
5297fd80-457d-4287-b0ca-a2e319e0e36a,True,,"[{""id"": 80, ""name"": ""Crime""}]",e5ab3b5b-084a-434c-bdbc-d25b2065f51c,tt6797234,de,Random Movie Title,A thrilling journey of discovery unfolds in this exciting film.,0.146131,"[{""name"": ""Tatsunoko Productions Company"", ""id"": 34037}]","[{""iso_3166_1"": ""US"", ""name"": ""United States""}]",1988-04-16,89686.0,Released,Random Movie Title,2.1,511,2024-01-17 17:36:47
265cfb47-fac9-454f-853c-b931fe336b17,False,,"[{""id"": 10749, ""name"": ""Romance""}, {""id"": 12, ""name"": ""Adventure""}]",6f9bd607-dc87-403d-bcc3-1f6719d2977f,tt9859405,en,Random Movie Title,A thrilling journey of discovery unfolds in this exciting film.,6.302149,"[{""name"": ""Pixar Animation Studios"", ""id"": 34040}, {""name"": ""Tatsunoko Productions Company"", ""id"": 34037}]","[{""iso_3166_1"": ""GB"", ""name"": ""United Kingdom""}, {""iso_3166_1"": ""DE"", ""name"": ""Germany""}]",1987-10-23,463641.0,Released,Random Movie Title,9.8,517,2024-01-17 17:36:47
47fcf337-c1a4-4fdd-8931-92b05329cc7f,True,,"[{""id"": 10749, ""name"": ""Romance""}, {""id"": 16, ""name"": ""Animation""}, {""id"": 18, ""name"": ""Drama""}]",6e2c4f22-00d8-438e-bf61-6bb67eb4f99b,tt5590185,en,Random Movie Title,An intense drama about the challenges of life and relationships.,2.0265,"[{""name"": ""Studio Ghibli"", ""id"": 34038}]","[{""iso_3166_1"": ""FR"", ""name"": ""France""}]",2009-06-10,995904.0,In Production,Random Movie Title,8.0,674,2024-01-17 17:36:47
186597e5-119c-4e99-9173-6b6781a2d864,False,,"[{""id"": 16, ""name"": ""Animation""}, {""id"": 18, ""name"": ""Drama""}, {""id"": 80, ""name"": ""Crime""}]",4c72e700-b0ef-44e1-9093-a8b62cd94109,tt9578602,de,Random Movie Title,A thrilling journey of discovery unfolds in this exciting film.,7.33497,"[{""name"": ""Studio Ghibli"", ""id"": 34038}, {""name"": ""Tatsunoko Productions Company"", ""id"": 34037}]","[{""iso_3166_1"": ""US"", ""name"": ""United States""}]",1997-01-27,598874.0,Post Production,Random Movie Title,8.2,978,2024-01-17 17:36:47
86d35c05-2901-4bca-a5ad-9c6658db9be0,False,,"[{""id"": 18, ""name"": ""Drama""}, {""id"": 878, ""name"": ""Science Fiction""}]",41622634-7574-42f1-9db2-a72f1f23c295,tt8657292,es,Random Movie Title,This is a dramatic story of love and adventure.,7.149538,"[{""name"": ""Studio Ghibli"", ""id"": 34038}]","[{""iso_3166_1"": ""FR"", ""name"": ""France""}]",1997-05-01,945457.0,Released,Random Movie Title,1.5,378,2024-01-17 17:36:47
5473fcd7-03d6-4d3d-86e3-babddea68183,True,,"[{""id"": 10749, ""name"": ""Romance""}, {""id"": 18, ""name"": ""Drama""}, {""id"": 12, ""name"": ""Adventure""}]",1e6d8cf3-81f7-4e45-8c1d-77b5a68d105c,tt7752998,de,Random Movie Title,This is a dramatic story of love and adventure.,9.264986,"[{""name"": ""Studio Ghibli"", ""id"": 34038}, {""name"": ""Pixar Animation Studios"", ""id"": 34040}]","[{""iso_3166_1"": ""GB"", ""name"": ""United Kingdom""}]",2009-09-20,922861.0,Post Production,Random Movie Title,3.2,53,2024-01-17 17:36:47
d0f6cbf3-2829-43f7-a212-6479c44cc3fe,False,,"[{""id"": 12, ""name"": ""Adventure""}, {""id"": 35, ""name"": ""Comedy""}, {""id"": 878, ""name"": ""Science Fiction""}]",0f641868-4b17-43fd-add9-8c8f9c23143d,tt5243641,es,Random Movie Title,An intense drama about the challenges of life and relationships.,3.945017,"[{""name"": ""Pixar Animation Studios"", ""id"": 34040}]","[{""iso_3166_1"": ""DE"", ""name"": ""Germany""}, {""iso_3166_1"": ""GB"", ""name"": ""United Kingdom""}]",1992-11-26,385876.0,Post Production,Random Movie Title,5.9,971,2024-01-17 17:36:47
89cde4a9-db65-46e1-a91a-640b4e166b65,False,,"[{""id"": 35, ""name"": ""Comedy""}]",c6b5dc6f-42ea-4565-8326-279a3f821df7,tt2494564,ja,Random Movie Title,An intense drama about the challenges of life and relationships.,0.294095,"[{""name"": ""Studio Ghibli"", ""id"": 34038}, {""name"": ""D.A. Films"", ""id"": 6541}]","[{""iso_3166_1"": ""DE"", ""name"": ""Germany""}]",2007-12-04,743944.0,Post Production,Random Movie Title,5.5,298,2024-01-17 17:36:47
710a1182-6028-45f3-956a-a7a83d3dde98,False,,"[{""id"": 10749, ""name"": ""Romance""}, {""id"": 80, ""name"": ""Crime""}, {""id"": 18, ""name"": ""Drama""}]",a824d50d-62c7-42e2-996b-56aa07c68af2,tt7057721,de,Random Movie Title,A comedic tale of mishaps and friendship.,5.316811,"[{""name"": ""Studio Ghibli"", ""id"": 34038}]","[{""iso_3166_1"": ""JP"", ""name"": ""Japan""}, {""iso_3166_1"": ""DE"", ""name"": ""Germany""}]",1982-12-24,441239.0,Post Production,Random Movie Title,6.4,461,2024-01-17 17:36:47
a10c5c14-daee-4a7f-9410-9aec06a7c2dc,False,,"[{""id"": 35, ""name"": ""Comedy""}]",f4ce31f3-14b5-4eda-bb1f-6812b120864d,tt9334394,ja,Random Movie Title,This is a dramatic story of love and adventure.,6.154752,"[{""name"": ""Pixar Animation Studios"", ""id"": 34040}, {""name"": ""Tatsunoko Productions Company"", ""id"": 34037}]","[{""iso_3166_1"": ""US"", ""name"": ""United States""}, {""iso_3166_1"": ""GB"", ""name"": ""United Kingdom""}]",1989-06-03,356779.0,Released,Random Movie Title,3.3,885,2024-01-17 17:36:47
675ebb8d-2d88-4c4a-9513-75317300edce,True,,"[{""id"": 10749, ""name"": ""Romance""}, {""id"": 878, ""name"": ""Science Fiction""}, {""id"": 18, ""name"": ""Drama""}]",3442e5db-6058-48b3-827c-c0c2f1daa03f,tt2856707,es,Random Movie Title,A comedic tale of mishaps and friendship.,7.24181,"[{""name"": ""Studio Ghibli"", ""id"": 34038}, {""name"": ""D.A. Films"", ""id"": 6541}]","[{""iso_3166_1"": ""FR"", ""name"": ""France""}]",2008-07-11,863198.0,In Production,Random Movie Title,4.9,862,2024-01-17 17:36:47
806b01bd-3742-489a-a371-17c4db386e5d,False,,"[{""id"": 35, ""name"": ""Comedy""}]",f425de32-41c3-4ea6-b6ba-05b2fb6291f5,tt6246414,ja,Random Movie Title,A thrilling journey of discovery unfolds in this exciting film.,7.454752,"[{""name"": ""Pixar Animation Studios"", ""id"": 34040}]","[{""iso_3166_1"": ""DE"", ""name"": ""Germany""}]",2000-12-16,448766.0,Released,Random Movie Title,9.4,490,2024-01-17 17:36:47
1364378e-9e97-4db0-8f8c-830bee169e0d,True,,"[{""id"": 35, ""name"": ""Comedy""}]",78633f48-9ba7-4baa-8df6-b66177d5082c,tt4247733,es,Random Movie Title,A thrilling journey of discovery unfolds in this exciting film.,4.680174,"[{""name"": ""Pixar Animation Studios"", ""id"": 34040}]","[{""iso_3166_1"": ""US"", ""name"": ""United States""}]",1989-10-25,609036.0,In Production,Random Movie Title,7.1,220,2024-01-17 17:36:47
c2da8fc6-7caa-4af7-8e9b-8736ac9728bc,False,,"[{""id"": 878, ""name"": ""Science Fiction""}, {""id"": 35, ""name"": ""Comedy""}, {""id"": 18, ""name"": ""Drama""}]",a94016b0-9699-4c56-9595-b3960fac2b5c,tt8408677,ja,Random Movie Title,An intense drama about the challenges of life and relationships.,0.757045,"[{""name"": ""Warner Bros"", ""id"": 34039}, {""name"": ""Tatsunoko Productions Company"", ""id"": 34037}]","[{""iso_3166_1"": ""JP"", ""name"": ""Japan""}, {""iso_3166_1"": ""FR"", ""name"": ""France""}]",2010-02-07,993325.0,Released,Random Movie Title,2.4,30,2024-01-17 17:36:47
