id,uid,business_name,suffix,industry,catch_phrase,buzzword,bs_company_statement,employee_identification_number,duns_number,logo,type,phone_number,full_address,latitude,longitude,user_id,dt_current_timestamp
2449,b673c4a0-4096-42bd-a021-abb429a14597,"Armstrong, Little and Cartwright",Inc,Investment Management,Revolutionary dynamic strategy,AI,optimize next-gen technologies,37-5836001,52-110-8117,https://example.com/fake-logos/5.png,Private,+725 216-1365-3597,"Suite 510 94599 Random Street, SomeCity, SomeCountry",8.654394,71.114293,add679de-f3e7-4c40-ba6f-d22df3321d57,2024-01-17 16:52:31
9770,9c522210-c390-4a2a-8c26-ee76b43ff395,Smith Inc,Ltd,Dairy,Proactive global mission,Synergy,revolutionize integrated markets,10-5620125,61-672-3794,https://example.com/fake-logos/5.png,Private,+421 441-2687-4628,"Suite 7 87818 Random Street, SomeCity, SomeCountry",-25.911867,25.040688,1800609c-23cf-4d9f-8bf4-c7c680b35705,2024-01-17 16:52:31
2375,91fb3eba-29f8-4c91-b582-61f3c538cc92,"Armstrong, Little and Cartwright",Group,Investment Management,Seamless innovative synergy,Blockchain,streamline cloud solutions,68-4411743,67-504-7521,https://example.com/fake-logos/1.png,Private,+106 359-4203-4028,"Suite 484 48086 Random Street, SomeCity, SomeCountry",34.654082,168.077126,3f5ac875-17e3-4cdc-aa31-ff75a720e8b6,2024-01-17 16:52:31
7086,8a65e40e-622a-4917-9789-d22a7df7785f,Doe Associates,LLC,Dairy,Proactive global mission,Blockchain,streamline cloud solutions,27-9637454,30-370-1496,https://example.com/fake-logos/3.png,Private,+560 992-3563-4857,"Suite 60 45656 Random Street, SomeCity, SomeCountry",27.740085,-147.301731,d630d856-0c09-4751-b40f-7f40badd9877,2024-01-17 16:52:31
5808,273b6e6a-67bd-428d-8ccf-ae7e65a225a3,Smith Inc,Group,Dairy,Proactive global mission,AI,streamline cloud solutions,30-9533692,19-896-9551,https://example.com/fake-logos/9.png,Private,+209 933-9553-5236,"Suite 25 11208 Random Street, SomeCity, SomeCountry",-65.718918,-175.45154,c976dd89-42d8-4628-8366-c82833865487,2024-01-17 16:52:31
2040,31bb1077-5f49-4c8d-a6d1-d53b5d87267f,Johnson Corp,Group,Technology,Revolutionary dynamic strategy,Blockchain,revolutionize integrated markets,85-6849661,48-737-3854,https://example.com/fake-logos/1.png,Private,+270 581-2138-6209,"Suite 592 74047 Random Street, SomeCity, SomeCountry",-34.712878,63.29196,9ea49d18-9774-4f11-ad9e-0f71bed900c2,2024-01-17 16:52:31
3884,befe5cdf-be3b-4018-a367-13bee6413e6d,Doe Associates,PLC,Technology,Revolutionary dynamic strategy,AI,enhance interactive platforms,17-1444872,87-283-9063,https://example.com/fake-logos/9.png,Private,+466 965-4845-3698,"Suite 214 8215 Random Street, SomeCity, SomeCountry",47.020308,-177.109828,5586bb21-a407-4f19-99f2-b605b8927e91,2024-01-17 16:52:31
6522,8a8e3b40-a47c-4028-b891-38a5cdd2ef20,Doe Associates,PLC,Investment Management,Seamless innovative synergy,AI,streamline cloud solutions,55-2187781,98-605-4526,https://example.com/fake-logos/4.png,Private,+274 844-4259-7076,"Suite 402 65522 Random Street, SomeCity, SomeCountry",-87.259636,-0.163965,5a65e9c8-b7aa-4971-8ad5-ad8232796064,2024-01-17 16:52:31
5058,d79d4091-9e2d-4c0b-a597-689591e1f758,"Welch, Hagenes and Halvorson",Inc,Investment Management,Seamless innovative synergy,Blockchain,optimize next-gen technologies,72-6883098,72-808-9467,https://example.com/fake-logos/4.png,Private,+266 420-9893-4705,"Suite 95 54665 Random Street, SomeCity, SomeCountry",11.574951,-34.767636,7b4d9344-ad9c-4ff4-badc-0d223f9e2a4d,2024-01-17 16:52:31
9690,b0f2b6e6-68b8-4250-a076-80447c27ce4d,Doe Associates,LLC,Education,Seamless innovative synergy,Blockchain,enhance interactive platforms,84-3235742,88-453-5620,https://example.com/fake-logos/10.png,Private,+654 990-2091-2027,"Suite 952 30201 Random Street, SomeCity, SomeCountry",-68.362625,-108.492196,5798a88a-9121-4536-baa8-1034427911d4,2024-01-17 16:52:31
6656,ddb6acb6-95bb-4dcb-bbdc-2ac6a2e67e99,Johnson Corp,Ltd,Technology,Efficient scalable solution,Synergy,enhance interactive platforms,63-5936325,24-767-3744,https://example.com/fake-logos/2.png,Private,+395 528-9620-1885,"Suite 237 2981 Random Street, SomeCity, SomeCountry",80.999686,-72.15894,46108fd0-2db4-4d6a-a9aa-c3923a9aec88,2024-01-17 16:52:31
3529,4c55b98f-4c73-4031-a2be-478603f7be4b,"Welch, Hagenes and Halvorson",Ltd,Investment Management,Revolutionary dynamic strategy,Big Data,enhance interactive platforms,31-3902138,67-542-2553,https://example.com/fake-logos/4.png,Private,+545 290-1245-5055,"Suite 452 10112 Random Street, SomeCity, SomeCountry",79.337807,140.058519,85c567d6-e450-4a9b-97df-44629d623c82,2024-01-17 16:52:31
3124,0934af44-56b0-4ad9-891a-980219e1cca7,Smith Inc,LLC,Investment Management,Proactive global mission,Synergy,optimize next-gen technologies,88-1839070,62-954-1483,https://example.com/fake-logos/2.png,Private,+660 286-8921-8661,"Suite 320 35275 Random Street, SomeCity, SomeCountry",-6.633738,70.9558,e4e7c165-0760-4949-99df-278049d967a6,2024-01-17 16:52:31
9964,bacd2f60-e48a-4c7b-8b70-bd32715a75d8,Doe Associates,Ltd,Healthcare,Revolutionary dynamic strategy,Big Data,enhance interactive platforms,50-8490701,51-112-7048,https://example.com/fake-logos/2.png,Private,+593 203-6659-1765,"Suite 946 95044 Random Street, SomeCity, SomeCountry",12.488144,135.494437,9b843709-219d-4928-9ddf-54bced92dd13,2024-01-17 16:52:31
5872,ac4ef1b8-7384-4086-870f-f5f29e013306,Johnson Corp,Group,Dairy,Seamless innovative synergy,Big Data,revolutionize integrated markets,63-8018857,18-425-1000,https://example.com/fake-logos/9.png,Private,+3 519-7965-5918,"Suite 568 5177 Random Street, SomeCity, SomeCountry",9.748264,-2.647312,f60af6de-6a1b-4968-a195-bc22d82aaa64,2024-01-17 16:52:31
2798,774998d8-7312-4165-b2de-a88c362a2682,Smith Inc,Ltd,Technology,Seamless innovative synergy,Big Data,revolutionize integrated markets,39-9592393,15-960-9550,https://example.com/fake-logos/7.png,Private,+18 114-2701-7425,"Suite 904 88228 Random Street, SomeCity, SomeCountry",62.791402,148.819012,e61a653f-9418-4bba-93fa-90a0e66860df,2024-01-17 16:52:31
6591,283247ff-fc5c-413f-b75b-8b5f0847a5cd,"Armstrong, Little and Cartwright",LLC,Investment Management,Revolutionary dynamic strategy,VR,streamline cloud solutions,19-8977754,59-621-7613,https://example.com/fake-logos/7.png,Private,+155 176-7378-2834,"Suite 521 40693 Random Street, SomeCity, SomeCountry",-81.418923,-99.166051,0b17c183-a696-4243-94a9-6966ec7a7cf1,2024-01-17 16:52:31
6767,4655326c-727e-4d53-9028-1195ea00cae5,Smith Inc,Ltd,Dairy,Efficient scalable solution,VR,enhance interactive platforms,67-9458002,56-362-3078,https://example.com/fake-logos/5.png,Private,+537 193-4891-1077,"Suite 368 22414 Random Street, SomeCity, SomeCountry",-18.857361,-145.747152,b33913f2-cbe9-4132-8a02-c4f5d4ee643d,2024-01-17 16:52:31
4562,5ae19502-35ce-478e-9927-559953c95d9c,"Welch, Hagenes and Halvorson",Ltd,Technology,Seamless innovative synergy,Big Data,streamline cloud solutions,14-8930950,61-178-2458,https://example.com/fake-logos/2.png,Private,+630 550-8875-9509,"Suite 496 71359 Random Street, SomeCity, SomeCountry",68.870945,74.265781,77d3d2ab-58ee-4964-b232-6bdc472bdc6e,2024-01-17 16:52:31
7927,bb4f5d30-82f4-43f0-be6e-8b114cd981f8,"Welch, Hagenes and Halvorson",Ltd,Technology,Seamless innovative synergy,Big Data,optimize next-gen technologies,43-7103071,87-337-3165,https://example.com/fake-logos/10.png,Private,+896 388-2684-6127,"Suite 596 29582 Random Street, SomeCity, SomeCountry",27.211439,88.154801,cc2c1ce6-898b-45e5-a778-07d58e619a67,2024-01-17 16:52:31
6578,e97d7c59-b650-4927-942b-d2ceced4e1d3,Johnson Corp,PLC,Technology,Proactive global mission,VR,revolutionize integrated markets,18-3860382,27-318-2427,https://example.com/fake-logos/7.png,Private,+79 924-9860-7354,"Suite 412 58350 Random Street, SomeCity, SomeCountry",48.183774,-8.001683,95a32c11-aea4-4b18-b42c-e3e83fd1bb7e,2024-01-17 16:52:31
5209,c7f8a145-89bb-4ded-b9a4-45c232b658e2,Doe Associates,Group,Dairy,Seamless innovative synergy,Synergy,optimize next-gen technologies,22-2865980,26-791-3673,https://example.com/fake-logos/5.png,Private,+279 953-1308-3333,"Suite 375 49317 Random Street, SomeCity, SomeCountry",-75.901786,-40.195839,06d06416-ec8c-4d6d-addd-7247eb000ec1,2024-01-17 16:52:31
1206,2dd28449-ce0d-412f-8c10-98ffb75987c4,"Armstrong, Little and Cartwright",Ltd,Investment Management,Revolutionary dynamic strategy,Blockchain,optimize next-gen technologies,29-4459155,50-235-2806,https://example.com/fake-logos/9.png,Private,+147 857-2734-8357,"Suite 802 178 Random Street, SomeCity, SomeCountry",68.446514,129.752959,4b809d6d-7e9b-4382-aecd-c2c5134c955d,2024-01-17 16:52:31
6784,05633ea4-f6d3-416d-a2d3-387e44573e14,Smith Inc,Ltd,Investment Management,Proactive global mission,Synergy,revolutionize integrated markets,11-6772792,56-109-7916,https://example.com/fake-logos/5.png,Private,+115 677-9296-1215,"Suite 624 19528 Random Street, SomeCity, SomeCountry",-15.919798,-155.283774,1dc6149a-d366-4b25-99aa-7000cb185432,2024-01-17 16:52:31
8947,2255481a-7bfb-430e-a688-9c9d64dd0531,"Armstrong, Little and Cartwright",Inc,Education,Seamless innovative synergy,Big Data,enhance interactive platforms,67-5376303,72-500-2845,https://example.com/fake-logos/2.png,Private,+343 726-4041-8962,"Suite 841 23715 Random Street, SomeCity, SomeCountry",-10.428958,75.642401,fad3a13f-fbc6-40ac-8146-c0b1acb4ee1c,2024-01-17 16:52:31
3938,3fcbcc4f-df79-4e28-9934-146b111ff8e3,"Welch, Hagenes and Halvorson",Ltd,Healthcare,Proactive global mission,VR,enhance interactive platforms,89-6552314,69-606-3224,https://example.com/fake-logos/1.png,Private,+646 828-3451-8841,"Suite 266 30412 Random Street, SomeCity, SomeCountry",62.236165,-172.098045,f7a9c783-6e7c-42a6-91b4-123acb4fb8cb,2024-01-17 16:52:31
5468,9ce8b954-b1d6-4f44-8d49-65259565ea4c,"Welch, Hagenes and Halvorson",PLC,Investment Management,Efficient scalable solution,Blockchain,enhance interactive platforms,95-8259382,44-852-1545,https://example.com/fake-logos/1.png,Private,+939 600-2442-9094,"Suite 764 52473 Random Street, SomeCity, SomeCountry",27.087719,-27.733094,944d7a59-625a-4ff3-837d-9386d77401de,2024-01-17 16:52:31
4216,aae0bf89-2cd4-42ff-850d-77e15b6edc38,Johnson Corp,Ltd,Education,Revolutionary dynamic strategy,Blockchain,optimize next-gen technologies,57-9356827,28-472-4865,https://example.com/fake-logos/5.png,Private,+537 127-2631-1853,"Suite 999 7574 Random Street, SomeCity, SomeCountry",-61.532592,53.976081,50f6338f-a125-4eaf-8251-5edbd966e385,2024-01-17 16:52:31
6735,2bb272fe-f5f1-479b-bcc7-4523736a0467,Doe Associates,LLC,Healthcare,Efficient scalable solution,Blockchain,streamline cloud solutions,28-8049657,24-786-4221,https://example.com/fake-logos/10.png,Private,+423 255-9744-4630,"Suite 140 54822 Random Street, SomeCity, SomeCountry",-16.3407,-6.111496,ed2dadda-09ce-4e94-9107-f99e1ed8c9a6,2024-01-17 16:52:31
2746,55a2c3e9-6563-48af-8c3a-846a0821a216,Johnson Corp,LLC,Healthcare,Revolutionary dynamic strategy,Big Data,streamline cloud solutions,37-2492025,65-402-9336,https://example.com/fake-logos/7.png,Private,+793 200-7638-5996,"Suite 818 67330 Random Street, SomeCity, SomeCountry",27.149328,-65.596877,d9202a07-30c6-4b45-b45d-8cceefb766ee,2024-01-17 16:52:31
7068,56fd21b6-2777-4c2b-8194-bc515474037b,Johnson Corp,Inc,Technology,Efficient scalable solution,Synergy,streamline cloud solutions,38-2215746,30-341-3995,https://example.com/fake-logos/2.png,Private,+237 546-1490-6157,"Suite 655 6872 Random Street, SomeCity, SomeCountry",27.668251,86.949953,2442dec7-3a87-4d94-aa23-ab44c76b4d5f,2024-01-17 16:52:31
1411,9bef5f38-2516-4e30-8efa-406e65d9727a,Smith Inc,Inc,Healthcare,Efficient scalable solution,VR,revolutionize integrated markets,52-5981126,35-236-8180,https://example.com/fake-logos/2.png,Private,+352 787-9109-1127,"Suite 65 8347 Random Street, SomeCity, SomeCountry",21.496143,140.818992,ce615021-431d-4a20-aeaf-d8e37330dd25,2024-01-17 16:52:31
3656,6adf389c-a2d8-4c42-89f9-9e168840b7e3,"Armstrong, Little and Cartwright",Ltd,Technology,Proactive global mission,Synergy,streamline cloud solutions,59-8898293,56-246-7595,https://example.com/fake-logos/4.png,Private,+348 264-6874-3164,"Suite 860 63405 Random Street, SomeCity, SomeCountry",-34.512738,-15.371783,2a7de911-4ae0-4dbc-927c-fc5523a2eb01,2024-01-17 16:52:31
5545,6b3514d1-5464-4c31-8b21-394e55bc3a93,Johnson Corp,PLC,Education,Seamless innovative synergy,Synergy,revolutionize integrated markets,94-8472880,79-411-8861,https://example.com/fake-logos/9.png,Private,+200 401-8255-8711,"Suite 141 28728 Random Street, SomeCity, SomeCountry",36.739041,129.410872,a9bffb59-1fd0-491d-baf2-89dcf68f15d5,2024-01-17 16:52:31
3967,d87a7097-bcd7-4dad-973e-62ea62b7be3d,Smith Inc,PLC,Dairy,Efficient scalable solution,AI,streamline cloud solutions,29-7648970,61-862-3895,https://example.com/fake-logos/4.png,Private,+542 281-3917-4332,"Suite 53 20557 Random Street, SomeCity, SomeCountry",60.941932,-156.696705,59419a33-0f7e-4ff5-abe7-53284898c612,2024-01-17 16:52:31
9740,39e7c365-bf47-4690-9787-a76d82b83c07,Doe Associates,Ltd,Healthcare,Seamless innovative synergy,Blockchain,optimize next-gen technologies,21-3699752,54-377-7697,https://example.com/fake-logos/10.png,Private,+255 344-3726-3379,"Suite 361 23298 Random Street, SomeCity, SomeCountry",50.021092,-92.479744,4c32e9e1-a951-4bbb-9a47-81c15d4b4097,2024-01-17 16:52:31
3761,87481c5c-f0c0-4513-98e9-4b9b98b29ab2,Doe Associates,Inc,Investment Management,Efficient scalable solution,VR,streamline cloud solutions,14-7143670,13-890-9014,https://example.com/fake-logos/7.png,Private,+644 739-7415-9777,"Suite 662 5478 Random Street, SomeCity, SomeCountry",11.964406,-167.91048,7922e6ad-46c0-45da-90b3-4a8cd0852530,2024-01-17 16:52:31
6658,5be4b6e4-92fe-450c-ba44-be06e66cbc60,Johnson Corp,LLC,Investment Management,Seamless innovative synergy,AI,optimize next-gen technologies,56-4991082,73-198-6047,https://example.com/fake-logos/10.png,Private,+766 140-4045-7318,"Suite 145 88116 Random Street, SomeCity, SomeCountry",51.802507,-108.044683,3ae1c98e-64c0-4fc3-996a-0e58439af6fa,2024-01-17 16:52:31
3351,03b84682-eac4-49f2-8227-14cbdbe4da17,Johnson Corp,PLC,Investment Management,Seamless innovative synergy,VR,streamline cloud solutions,25-7295523,38-555-5805,https://example.com/fake-logos/2.png,Private,+749 715-7495-9340,"Suite 822 70370 Random Street, SomeCity, SomeCountry",68.50118,86.010672,6a780881-dfc3-4415-86c9-59213928e572,2024-01-17 16:52:31
2818,6916f373-e9e3-4556-88c8-a2d0d33114a1,"Armstrong, Little and Cartwright",Group,Technology,Efficient scalable solution,AI,revolutionize integrated markets,56-1672292,19-292-4217,https://example.com/fake-logos/7.png,Private,+528 918-5672-1524,"Suite 96 95772 Random Street, SomeCity, SomeCountry",-68.252919,-159.434417,40869200-b277-4cdb-aa65-1847690673a1,2024-01-17 16:52:31
2538,2d5d296c-55ab-408e-a494-585d506a4f73,Johnson Corp,PLC,Education,Efficient scalable solution,Big Data,streamline cloud solutions,85-4746068,55-470-6615,https://example.com/fake-logos/3.png,Private,+190 738-7830-8900,"Suite 902 90699 Random Street, SomeCity, SomeCountry",65.793608,137.914583,cfce04f8-575d-484d-909a-c3bb896c7d3e,2024-01-17 16:52:31
8373,17ab6632-b67a-4ba0-8ba5-5e79061a0003,Johnson Corp,Inc,Technology,Revolutionary dynamic strategy,Big Data,streamline cloud solutions,95-3950410,26-307-6804,https://example.com/fake-logos/5.png,Private,+90 914-9622-8275,"Suite 995 47169 Random Street, SomeCity, SomeCountry",-21.304354,111.935444,f8161cd7-09bc-4a67-8a60-7f3ca5e3a873,2024-01-17 16:52:31
2791,290e5bff-665b-401a-9aba-14439addd9e9,Doe Associates,PLC,Technology,Seamless innovative synergy,Synergy,enhance interactive platforms,58-9467825,85-790-9185,https://example.com/fake-logos/3.png,Private,+566 740-6673-4185,"Suite 934 2459 Random Street, SomeCity, SomeCountry",82.046672,157.789007,8b544838-169e-4dce-a186-a5f837390bc4,2024-01-17 16:52:31
3535,28c8aca9-a1a9-470b-997c-2e5dcf4d34b4,"Welch, Hagenes and Halvorson",Ltd,Technology,Efficient scalable solution,Big Data,streamline cloud solutions,23-5381215,60-326-4742,https://example.com/fake-logos/1.png,Private,+890 653-3060-4342,"Suite 577 67287 Random Street, SomeCity, SomeCountry",-63.286155,0.089505,6f286029-f95f-45a5-ae77-6f74fea34c65,2024-01-17 16:52:31
1405,ce9bff81-ddfc-443f-88b1-7deeb975f8e5,Doe Associates,Ltd,Technology,Seamless innovative synergy,Big Data,revolutionize integrated markets,52-6512914,43-702-6147,https://example.com/fake-logos/3.png,Private,+930 782-7474-5425,"Suite 175 43804 Random Street, SomeCity, SomeCountry",42.90074,53.771127,f41b947d-7d9e-4277-b76f-0ff107e1c68f,2024-01-17 16:52:31
9171,e2c0eaf7-bf39-4e99-aec2-61f84e3eb0e1,Smith Inc,PLC,Healthcare,Revolutionary dynamic strategy,VR,optimize next-gen technologies,81-3223102,32-713-1866,https://example.com/fake-logos/1.png,Private,+515 478-2561-1076,"Suite 786 11236 Random Street, SomeCity, SomeCountry",-36.807971,86.238154,fd733daf-21b0-4109-b609-28870a53fff5,2024-01-17 16:52:31
3039,a286fff9-509d-46a6-a9ff-db801f3693ea,"Welch, Hagenes and Halvorson",Ltd,Technology,Proactive global mission,Big Data,streamline cloud solutions,89-5966991,50-715-7161,https://example.com/fake-logos/10.png,Private,+570 435-6892-2735,"Suite 501 69458 Random Street, SomeCity, SomeCountry",16.206992,-25.018162,9704d1a5-b350-430e-a742-9a12eeb4e9b7,2024-01-17 16:52:31
7442,56d69ebc-0322-44f7-a522-ac021cbee56d,"Welch, Hagenes and Halvorson",Ltd,Technology,Revolutionary dynamic strategy,AI,enhance interactive platforms,81-5123243,31-749-8582,https://example.com/fake-logos/2.png,Private,+350 616-9886-5993,"Suite 149 22860 Random Street, SomeCity, SomeCountry",71.821169,29.037674,24eeea71-316e-4492-bc39-9a2a5b9c0011,2024-01-17 16:52:31
8509,2798b3eb-8151-4f46-b4bd-9f21769a4c6f,Doe Associates,Inc,Healthcare,Proactive global mission,Synergy,optimize next-gen technologies,59-1086868,99-237-9252,https://example.com/fake-logos/9.png,Private,+667 146-7072-5319,"Suite 349 77469 Random Street, SomeCity, SomeCountry",56.32279,-117.357942,8b9e6a5a-d904-4f5f-bfe5-78ddb793653a,2024-01-17 16:52:31
6184,95389e73-34d2-4994-8d34-a4ee653d92b2,Johnson Corp,Ltd,Dairy,Seamless innovative synergy,AI,enhance interactive platforms,69-7540078,86-170-5621,https://example.com/fake-logos/9.png,Private,+607 994-8865-4824,"Suite 842 48157 Random Street, SomeCity, SomeCountry",-9.992952,72.605878,5981e045-a62b-4df9-8c92-2baac45a9fc5,2024-01-17 16:52:31
6416,a407d8b3-2191-47db-a843-12a2edc076c7,"Welch, Hagenes and Halvorson",Ltd,Technology,Seamless innovative synergy,AI,optimize next-gen technologies,26-3710358,82-594-7951,https://example.com/fake-logos/9.png,Private,+456 329-6663-4258,"Suite 79 44056 Random Street, SomeCity, SomeCountry",10.546737,81.389117,124a2070-33d7-47c7-bcbe-2d0b3a6c5611,2024-01-17 16:52:31
9462,325bd1fb-954f-4402-8370-c1191b608b13,Doe Associates,LLC,Dairy,Seamless innovative synergy,Blockchain,enhance interactive platforms,77-6012580,61-212-3724,https://example.com/fake-logos/10.png,Private,+185 191-8800-6691,"Suite 1 10485 Random Street, SomeCity, SomeCountry",67.652085,-86.148533,ebfb555c-c899-423d-98e0-cd5543937377,2024-01-17 16:52:31
2968,c78122c3-7746-4354-9572-b5c0f52b80f0,Smith Inc,Inc,Investment Management,Efficient scalable solution,VR,revolutionize integrated markets,59-9818065,79-191-6278,https://example.com/fake-logos/9.png,Private,+890 861-3954-8739,"Suite 412 17373 Random Street, SomeCity, SomeCountry",-42.11687,145.25501,471248e9-df80-4992-82d9-50c544700983,2024-01-17 16:52:31
6582,fdd88e52-6570-471d-ab81-ad6451c66ae2,Smith Inc,LLC,Investment Management,Efficient scalable solution,VR,streamline cloud solutions,89-8881135,39-463-8533,https://example.com/fake-logos/10.png,Private,+118 438-5308-5683,"Suite 175 51329 Random Street, SomeCity, SomeCountry",-54.550538,-80.87594,4e230943-0634-489f-9e62-d25730853e45,2024-01-17 16:52:31
4635,33699e29-97c4-412e-8e1c-cd522cfb1a1a,Johnson Corp,Inc,Education,Seamless innovative synergy,AI,optimize next-gen technologies,64-5531107,66-393-9201,https://example.com/fake-logos/7.png,Private,+928 764-7766-5284,"Suite 133 87624 Random Street, SomeCity, SomeCountry",-11.313416,123.329648,02bbefc4-401a-47e4-8462-dab274e41f40,2024-01-17 16:52:31
7316,5122a176-a84f-49ff-8a28-797587a061b6,"Welch, Hagenes and Halvorson",PLC,Technology,Efficient scalable solution,AI,enhance interactive platforms,41-1023517,27-723-9127,https://example.com/fake-logos/5.png,Private,+468 293-9275-2097,"Suite 247 31534 Random Street, SomeCity, SomeCountry",-89.367585,-17.360331,16c8232d-4a88-4237-8d9d-3d67dba8f2df,2024-01-17 16:52:31
2570,1b8c6112-842f-4272-9aee-f2dc011de639,Smith Inc,LLC,Healthcare,Proactive global mission,AI,revolutionize integrated markets,14-8882992,71-954-3476,https://example.com/fake-logos/1.png,Private,+192 877-9247-9498,"Suite 625 53705 Random Street, SomeCity, SomeCountry",52.71634,-87.546337,788478b5-ffa7-4fbe-b814-b99a50f1a1c4,2024-01-17 16:52:31
1189,f0a1dc8f-4a53-4b35-9ee1-cd2024d01448,Smith Inc,PLC,Healthcare,Revolutionary dynamic strategy,VR,revolutionize integrated markets,73-6226846,28-351-9606,https://example.com/fake-logos/1.png,Private,+278 558-4474-4330,"Suite 243 67357 Random Street, SomeCity, SomeCountry",-25.199734,-41.741598,bf425931-2a98-4096-97ce-5a6ab4da9c94,2024-01-17 16:52:31
6834,05822c4b-beb8-44be-974a-95d8b10204ac,"Armstrong, Little and Cartwright",PLC,Healthcare,Proactive global mission,VR,revolutionize integrated markets,34-6893028,22-821-2061,https://example.com/fake-logos/2.png,Private,+611 166-5904-6433,"Suite 260 60452 Random Street, SomeCity, SomeCountry",-18.557915,-146.423823,2b4dccd5-be10-402f-a9e7-aa63f144ece8,2024-01-17 16:52:31
3287,da595a96-0f39-4387-9445-f4a1cc9ba5d3,Smith Inc,Group,Healthcare,Revolutionary dynamic strategy,Synergy,revolutionize integrated markets,48-2795340,70-397-5772,https://example.com/fake-logos/5.png,Private,+945 605-8387-8362,"Suite 555 28973 Random Street, SomeCity, SomeCountry",-12.24067,86.709996,802dd58d-1410-4b2b-8449-8db2aed8db27,2024-01-17 16:52:31
3955,90a3b9d8-0fbf-4d9d-add2-fb807a6661c6,Smith Inc,Inc,Healthcare,Efficient scalable solution,Blockchain,optimize next-gen technologies,40-1390711,16-655-2851,https://example.com/fake-logos/9.png,Private,+746 588-5520-4609,"Suite 510 70888 Random Street, SomeCity, SomeCountry",13.282752,27.368417,42f6b369-0428-4bc9-a298-5394b44ccd7f,2024-01-17 16:52:31
3487,565960fb-f3fd-430d-984f-44e834dc1259,"Welch, Hagenes and Halvorson",LLC,Investment Management,Proactive global mission,Blockchain,optimize next-gen technologies,52-9550078,31-463-4541,https://example.com/fake-logos/1.png,Private,+433 157-7882-1623,"Suite 621 13660 Random Street, SomeCity, SomeCountry",40.97078,179.385098,6abd0b7b-abcd-43ce-a52d-d1b4d1d1873a,2024-01-17 16:52:31
1183,04d3125a-ce11-4bd6-b0b3-b593594f20da,Smith Inc,Group,Healthcare,Efficient scalable solution,Blockchain,streamline cloud solutions,93-9752036,35-210-7449,https://example.com/fake-logos/1.png,Private,+219 425-6324-4943,"Suite 183 63158 Random Street, SomeCity, SomeCountry",-8.846812,-172.902273,498b821d-ec61-4094-a11d-63b5f9479638,2024-01-17 16:52:31
8631,6de09883-6b71-4ead-959c-eeb12e498374,Johnson Corp,Ltd,Investment Management,Seamless innovative synergy,AI,streamline cloud solutions,15-3833565,45-466-1370,https://example.com/fake-logos/7.png,Private,+469 995-5697-8596,"Suite 607 67327 Random Street, SomeCity, SomeCountry",-26.891383,2.208997,5f425ecb-65c4-46a9-a190-6a68e8c55418,2024-01-17 16:52:31
7429,f242daa0-a565-4108-b893-f1d50a1dd6dc,Smith Inc,Inc,Dairy,Efficient scalable solution,Big Data,streamline cloud solutions,49-9407365,63-572-8941,https://example.com/fake-logos/9.png,Private,+209 372-4175-3829,"Suite 69 10852 Random Street, SomeCity, SomeCountry",47.808565,127.796872,167120fc-aa57-495f-95c2-3fde36d48071,2024-01-17 16:52:31
2252,396c285e-4f1f-4dce-b301-fdf2fd6a4381,Johnson Corp,LLC,Education,Efficient scalable solution,VR,enhance interactive platforms,61-3921243,13-193-6846,https://example.com/fake-logos/1.png,Private,+40 784-2927-8160,"Suite 616 89294 Random Street, SomeCity, SomeCountry",28.206234,-12.072601,1a3f04d0-f558-420e-a98f-520ea9b99e9f,2024-01-17 16:52:31
2339,f7cc07da-4d12-4033-81b6-eb75639e90db,Johnson Corp,Group,Investment Management,Proactive global mission,Big Data,streamline cloud solutions,33-1289067,17-258-7586,https://example.com/fake-logos/1.png,Private,+32 700-7487-7029,"Suite 826 85876 Random Street, SomeCity, SomeCountry",-20.727101,10.744541,6a1ca0dd-c1f2-4041-bb89-f2b464995c94,2024-01-17 16:52:31
9465,e7325242-2d42-45f4-93a0-2cd406acfb94,Doe Associates,PLC,Technology,Revolutionary dynamic strategy,Big Data,optimize next-gen technologies,92-4910238,49-622-1216,https://example.com/fake-logos/7.png,Private,+598 864-6281-3568,"Suite 62 58022 Random Street, SomeCity, SomeCountry",-62.831594,-153.659543,1349a254-2315-4b03-8d00-78916c2539a6,2024-01-17 16:52:31
2610,3050be5a-85da-476c-8640-2933a2a719fb,Smith Inc,LLC,Investment Management,Proactive global mission,Big Data,enhance interactive platforms,42-1526809,50-776-1415,https://example.com/fake-logos/7.png,Private,+661 405-4842-1940,"Suite 479 18311 Random Street, SomeCity, SomeCountry",-24.596376,-127.640657,560d5e99-5c01-478e-b7fe-d9ee9942762d,2024-01-17 16:52:31
9206,a9b7b01f-1b35-4331-beb3-0d30d3f4250c,Smith Inc,Group,Investment Management,Seamless innovative synergy,AI,enhance interactive platforms,36-4812705,23-984-3270,https://example.com/fake-logos/7.png,Private,+892 829-5068-4862,"Suite 547 84054 Random Street, SomeCity, SomeCountry",14.279334,44.31457,726a2cd8-d431-4757-bf84-8f4be8eb095f,2024-01-17 16:52:31
6008,63ee7fa3-59b8-4c68-8c2b-efd074748e5a,"Welch, Hagenes and Halvorson",Group,Investment Management,Revolutionary dynamic strategy,VR,streamline cloud solutions,82-1412840,81-273-1855,https://example.com/fake-logos/8.png,Private,+35 192-4324-4475,"Suite 276 67885 Random Street, SomeCity, SomeCountry",72.068221,-83.367577,2330f58a-3274-494a-9106-576aca118a22,2024-01-17 16:52:31
1288,166a054e-057d-453e-92cd-51ccc7e87a2a,Smith Inc,Inc,Dairy,Seamless innovative synergy,AI,revolutionize integrated markets,59-3289500,19-182-1870,https://example.com/fake-logos/8.png,Private,+303 888-4515-6115,"Suite 933 76241 Random Street, SomeCity, SomeCountry",5.7403,12.978812,446332d9-6e5a-4911-ae86-8685f75c63ef,2024-01-17 16:52:31
9146,ed855720-8b4a-4dc7-bf06-decd5d5bdd3a,Smith Inc,Inc,Investment Management,Seamless innovative synergy,Blockchain,streamline cloud solutions,79-7916163,23-944-7130,https://example.com/fake-logos/7.png,Private,+570 246-2321-3155,"Suite 677 86500 Random Street, SomeCity, SomeCountry",-56.448087,3.666549,21d55943-15ec-42b7-b36c-22c875a33ee7,2024-01-17 16:52:31
8127,5ca9a0ad-ff40-4691-9f4b-099f1c9dcd23,Johnson Corp,Group,Investment Management,Proactive global mission,Synergy,enhance interactive platforms,59-7595712,60-680-5653,https://example.com/fake-logos/5.png,Private,+772 868-7201-3394,"Suite 352 17071 Random Street, SomeCity, SomeCountry",31.037697,-14.849818,06c8536d-235d-4c06-91ab-18b8a4bc05dc,2024-01-17 16:52:31
7318,e3edc91a-4cfc-4fe8-9486-b7cecd270397,"Armstrong, Little and Cartwright",Inc,Investment Management,Efficient scalable solution,Big Data,optimize next-gen technologies,53-8134873,91-305-5020,https://example.com/fake-logos/5.png,Private,+101 382-8433-1124,"Suite 746 31611 Random Street, SomeCity, SomeCountry",-14.957458,-139.968936,b035909b-9e90-408b-9ca5-1c1d461513e4,2024-01-17 16:52:31
2750,1dcda529-adfa-402b-9945-c37a155bf653,Doe Associates,Ltd,Healthcare,Revolutionary dynamic strategy,AI,enhance interactive platforms,63-6270516,15-262-2107,https://example.com/fake-logos/10.png,Private,+924 350-9201-7287,"Suite 714 31822 Random Street, SomeCity, SomeCountry",10.460587,-44.520319,af4e84e1-aa18-446e-a382-ea4ea645366c,2024-01-17 16:52:31
5538,ce1fd2d7-3ec2-4391-97e6-903a2f1c0f01,Johnson Corp,LLC,Education,Efficient scalable solution,Blockchain,optimize next-gen technologies,79-5531817,84-519-9920,https://example.com/fake-logos/10.png,Private,+228 138-3663-5251,"Suite 458 38592 Random Street, SomeCity, SomeCountry",63.984792,92.860125,5c5ff3d3-78ff-4454-869d-4a2d4286840a,2024-01-17 16:52:31
7076,d7c4d301-dfc8-4552-981d-0e5cff6447a3,Johnson Corp,Ltd,Dairy,Seamless innovative synergy,Synergy,enhance interactive platforms,96-3779273,33-311-1655,https://example.com/fake-logos/10.png,Private,+672 695-5824-5698,"Suite 60 81471 Random Street, SomeCity, SomeCountry",77.635431,-129.178665,01bd1878-23fc-47d2-80a2-398455b20e6a,2024-01-17 16:52:31
3255,d9ff4921-129f-4831-95fa-3df6b348a83b,"Welch, Hagenes and Halvorson",Group,Dairy,Proactive global mission,Blockchain,enhance interactive platforms,89-9485941,98-876-4308,https://example.com/fake-logos/7.png,Private,+642 198-8425-6569,"Suite 253 90728 Random Street, SomeCity, SomeCountry",60.327328,2.468373,b15971c9-d904-4b73-ae2e-834198c7f51a,2024-01-17 16:52:31
2715,cbcca8cd-f5fa-4a95-a76b-f96ab8d8323d,"Welch, Hagenes and Halvorson",PLC,Technology,Revolutionary dynamic strategy,Blockchain,optimize next-gen technologies,77-9005671,84-285-2759,https://example.com/fake-logos/7.png,Private,+250 909-7394-7186,"Suite 6 83736 Random Street, SomeCity, SomeCountry",-12.655092,30.493361,757a3e8e-b76a-408a-8f5e-7fd407e7abec,2024-01-17 16:52:31
7507,77a8af8c-b202-41bf-b82f-1351ee8cf0ab,"Welch, Hagenes and Halvorson",Group,Education,Efficient scalable solution,VR,optimize next-gen technologies,65-1575652,76-564-6137,https://example.com/fake-logos/10.png,Private,+758 720-8981-6560,"Suite 553 9916 Random Street, SomeCity, SomeCountry",-46.953451,134.84847,22c4d37f-29c7-4dfb-aadb-ccde43a78b8b,2024-01-17 16:52:31
1896,cff1854a-6e17-4143-8fec-ae10fae987f4,"Armstrong, Little and Cartwright",Ltd,Technology,Revolutionary dynamic strategy,AI,optimize next-gen technologies,71-7874847,19-452-3081,https://example.com/fake-logos/5.png,Private,+865 374-5910-8094,"Suite 550 87185 Random Street, SomeCity, SomeCountry",-16.996407,13.822649,73f6adf8-a33e-47ce-832a-51f15d0e0a2d,2024-01-17 16:52:31
3512,51946779-257d-4874-b807-5496fdea5324,"Welch, Hagenes and Halvorson",Inc,Healthcare,Proactive global mission,Big Data,optimize next-gen technologies,26-9547767,50-196-9262,https://example.com/fake-logos/6.png,Private,+469 825-7473-3720,"Suite 735 81386 Random Street, SomeCity, SomeCountry",82.153298,27.36689,5647b2c9-5711-4a65-8f61-afcd3f274878,2024-01-17 16:52:31
9508,7a8a1edf-5d28-41d9-9a59-a221f7c9777d,"Armstrong, Little and Cartwright",Group,Healthcare,Revolutionary dynamic strategy,Synergy,optimize next-gen technologies,11-3546703,26-596-7090,https://example.com/fake-logos/1.png,Private,+137 678-6812-4726,"Suite 709 19224 Random Street, SomeCity, SomeCountry",30.060167,0.843143,6db57a5f-f586-460b-9f13-4f445bccd14e,2024-01-17 16:52:31
1856,c8a01720-d3d4-452b-8877-bed978b4febb,"Armstrong, Little and Cartwright",Ltd,Education,Revolutionary dynamic strategy,Synergy,optimize next-gen technologies,69-7637297,27-387-8575,https://example.com/fake-logos/7.png,Private,+628 197-3212-2150,"Suite 627 91191 Random Street, SomeCity, SomeCountry",-63.574822,13.047755,95675d73-9403-4f8c-8277-3fa1836aa5d5,2024-01-17 16:52:31
9093,25aa00dd-7b12-4370-8ab6-289936c3d8a3,Smith Inc,PLC,Technology,Seamless innovative synergy,AI,enhance interactive platforms,48-3601946,87-836-9938,https://example.com/fake-logos/2.png,Private,+797 671-7987-5488,"Suite 423 30799 Random Street, SomeCity, SomeCountry",27.269666,-32.258564,de245399-512d-48b1-b454-9bb1f55217b3,2024-01-17 16:52:31
2971,3e3cf0a5-60aa-4deb-a719-efbccf459d59,Smith Inc,Group,Education,Seamless innovative synergy,Big Data,optimize next-gen technologies,12-2293221,66-276-9620,https://example.com/fake-logos/6.png,Private,+525 727-7569-7787,"Suite 380 22763 Random Street, SomeCity, SomeCountry",-23.19563,11.334441,fecb7633-9d14-41ba-af1a-d75ea948c66c,2024-01-17 16:52:31
2477,1ad52fda-55ff-4b6b-965f-6bb79638db9d,"Welch, Hagenes and Halvorson",LLC,Healthcare,Proactive global mission,Blockchain,streamline cloud solutions,44-6946702,61-899-3553,https://example.com/fake-logos/1.png,Private,+678 490-2557-5045,"Suite 551 17256 Random Street, SomeCity, SomeCountry",24.775861,-14.938747,01517a9b-2ae9-4e76-b099-fbf70a1c79a3,2024-01-17 16:52:31
2693,02fca709-2fba-406a-b435-0cec183d2382,Johnson Corp,Ltd,Dairy,Revolutionary dynamic strategy,Big Data,streamline cloud solutions,60-1832862,20-476-2950,https://example.com/fake-logos/2.png,Private,+740 643-7233-7108,"Suite 71 21438 Random Street, SomeCity, SomeCountry",-67.94978,-173.278216,946bc9d1-6fc3-4179-a202-2ee44b5bfa2e,2024-01-17 16:52:31
1897,352de7d9-f013-4e67-a1e4-0265631e46c4,Doe Associates,Ltd,Investment Management,Seamless innovative synergy,VR,enhance interactive platforms,35-7427251,55-654-1209,https://example.com/fake-logos/5.png,Private,+875 350-6116-6826,"Suite 409 62312 Random Street, SomeCity, SomeCountry",-87.763073,-73.536883,52114217-6081-403f-8424-8f208318df0d,2024-01-17 16:52:31
6351,67c8f6f4-434b-436d-9337-afc665bda5ac,Doe Associates,Ltd,Technology,Revolutionary dynamic strategy,Synergy,streamline cloud solutions,96-1589938,90-209-5741,https://example.com/fake-logos/1.png,Private,+646 315-9017-5178,"Suite 527 77944 Random Street, SomeCity, SomeCountry",29.00201,56.101133,e3afbaaf-f50e-4d22-a0b9-e999dda8f956,2024-01-17 16:52:31
6398,e668fba7-434a-4ed7-9650-7b1f248e5132,"Armstrong, Little and Cartwright",Inc,Investment Management,Seamless innovative synergy,VR,streamline cloud solutions,18-8454026,65-361-1154,https://example.com/fake-logos/5.png,Private,+334 918-5960-5834,"Suite 356 59646 Random Street, SomeCity, SomeCountry",-22.479643,-160.227215,0a514e3f-5f25-4fc5-b95b-207d951a3c8f,2024-01-17 16:52:31
3316,2f6d4d12-cfa3-4d89-acf7-4c12946dcda2,Smith Inc,Ltd,Education,Efficient scalable solution,Synergy,enhance interactive platforms,87-1081262,42-611-8346,https://example.com/fake-logos/10.png,Private,+397 734-3743-6031,"Suite 431 36236 Random Street, SomeCity, SomeCountry",-66.621474,-26.903763,f0ce8775-6650-4ecc-af56-659551552459,2024-01-17 16:52:31
6440,a1ef6f39-a5a5-41f2-b977-3bbe7e28d15b,Johnson Corp,LLC,Technology,Efficient scalable solution,AI,enhance interactive platforms,30-6602500,58-583-9988,https://example.com/fake-logos/9.png,Private,+123 748-5144-5296,"Suite 775 22876 Random Street, SomeCity, SomeCountry",-51.894857,146.811156,ee0c61aa-f2a6-45dc-b9c1-c797dfa59a47,2024-01-17 16:52:31
3822,ec93437e-6ba1-4ee6-b511-7e4203bf39ef,"Welch, Hagenes and Halvorson",Ltd,Healthcare,Seamless innovative synergy,Blockchain,streamline cloud solutions,71-1315007,57-388-1262,https://example.com/fake-logos/10.png,Private,+468 971-8051-4973,"Suite 537 18315 Random Street, SomeCity, SomeCountry",-39.738704,46.885471,0f35a613-06e7-4612-a229-e24fa1db7108,2024-01-17 16:52:31
6607,5a61a2f0-825b-4418-a249-c2b0a4c02235,"Armstrong, Little and Cartwright",Group,Education,Proactive global mission,Synergy,revolutionize integrated markets,22-3552463,52-287-8303,https://example.com/fake-logos/4.png,Private,+713 366-7153-5838,"Suite 645 34578 Random Street, SomeCity, SomeCountry",-48.313226,-73.843018,03220aec-3a6e-4b75-aeb5-233da63cd4dd,2024-01-17 16:52:31
1204,d25a2fd9-bf24-447d-9992-f5d3cb2952be,"Armstrong, Little and Cartwright",PLC,Investment Management,Seamless innovative synergy,AI,streamline cloud solutions,83-5604687,62-523-4595,https://example.com/fake-logos/3.png,Private,+967 356-3630-7392,"Suite 690 11597 Random Street, SomeCity, SomeCountry",38.557303,62.197375,8221f891-c55e-4bfb-bf53-8c6eef9fc1be,2024-01-17 16:52:31
9428,88fff9b7-76d9-4fe1-ba99-5201c172a652,"Armstrong, Little and Cartwright",Inc,Investment Management,Proactive global mission,Synergy,optimize next-gen technologies,46-6895508,26-763-9659,https://example.com/fake-logos/10.png,Private,+741 123-8988-4905,"Suite 539 18054 Random Street, SomeCity, SomeCountry",-86.28141,-56.925635,affc5fa2-762d-4b98-b833-51ac056f1529,2024-01-17 16:52:31
7413,0c7ffd61-1c9b-4902-ae5e-7e04172779f6,Smith Inc,Inc,Healthcare,Efficient scalable solution,Blockchain,enhance interactive platforms,71-3234797,40-669-1926,https://example.com/fake-logos/7.png,Private,+280 187-3614-3356,"Suite 11 94907 Random Street, SomeCity, SomeCountry",42.838,-11.10679,6412be83-bd01-466f-b763-adbea1833880,2024-01-17 16:52:31
9614,bef7337f-e169-4be0-987c-74e39236703a,"Welch, Hagenes and Halvorson",Group,Investment Management,Efficient scalable solution,AI,streamline cloud solutions,43-4048996,97-401-2992,https://example.com/fake-logos/2.png,Private,+685 726-1122-6835,"Suite 840 9602 Random Street, SomeCity, SomeCountry",-24.542009,52.268177,90f74189-c3c4-45c7-ab7d-77e30564df4b,2024-01-17 16:52:31
