id,uid,dish,description,ingredient,measurement,user_id,dt_current_timestamp
4447,02b79c10-c36f-430a-9204-7d054e1e8f94,Cheeseburger,"Three eggs with cilantro, tomatoes, onions, avocados and melted Emmental cheese. With a side of roasted potatoes, and your choice of toast or croissant.",Pinto Beans,1/2 gallon,add679de-f3e7-4c40-ba6f-d22df3321d57,2024-01-17 17:14:35
4897,47c39c75-3a73-4618-a8fa-7ceeaee38632,Cheeseburger,"Three eggs with cilantro, tomatoes, onions, avocados and melted Emmental cheese. With a side of roasted potatoes, and your choice of toast or croissant.",Pinto Beans,1/2 gallon,1800609c-23cf-4d9f-8bf4-c7c680b35705,2024-01-17 17:14:35
4806,065fcf50-246c-445a-94c7-a5a061991354,Som Tam,"Granny Smith apples mixed with brown sugar and butter filling, in a flaky all-butter crust, with ice cream.",Pinto Beans,2 tablespoons,3f5ac875-17e3-4cdc-aa31-ff75a720e8b6,2024-01-17 17:14:35
8292,f6ab6834-098d-4f90-a6ce-fd9f86c7a203,Pork Sausage Roll,"Two buttermilk waffles, topped with whipped cream and maple syrup, a side of two eggs served any style, and your choice of smoked bacon or smoked ham.",Pinto Beans,1/4 pint,d630d856-0c09-4751-b40f-7f40badd9877,2024-01-17 17:14:35
3673,1bb1ec23-bfd9-4852-bdd1-2cde83cafa92,Som Tam,"Granny Smith apples mixed with brown sugar and butter filling, in a flaky all-butter crust, with ice cream.",Curry Powder,1/2 gallon,c976dd89-42d8-4628-8366-c82833865487,2024-01-17 17:14:35
3106,024bd05d-bbb7-4ff2-8486-8034e047d4c0,Pork Sausage Roll,"Two buttermilk waffles, topped with whipped cream and maple syrup, a side of two eggs served any style, and your choice of smoked bacon or smoked ham.",Feijoa,1/2 cup,9ea49d18-9774-4f11-ad9e-0f71bed900c2,2024-01-17 17:14:35
9590,9c18f231-a706-425c-bdc8-4b4b1bf98cc5,Som Tam,"Granny Smith apples mixed with brown sugar and butter filling, in a flaky all-butter crust, with ice cream.",Curry Powder,1/2 cup,5586bb21-a407-4f19-99f2-b605b8927e91,2024-01-17 17:14:35
5485,1e9e2062-b376-437c-8167-ba95e84835b7,Som Tam,"Granny Smith apples mixed with brown sugar and butter filling, in a flaky all-butter crust, with ice cream.",Curry Powder,2 tablespoons,5a65e9c8-b7aa-4971-8ad5-ad8232796064,2024-01-17 17:14:35
1600,2bebf8ce-73ee-4245-8e82-83403853fb47,Som Tam,"Granny Smith apples mixed with brown sugar and butter filling, in a flaky all-butter crust, with ice cream.",Feijoa,1/4 pint,7b4d9344-ad9c-4ff4-badc-0d223f9e2a4d,2024-01-17 17:14:35
4053,952ae5ee-d84f-4f58-87d3-1abf9ca9f4eb,Pizza,"Smoked salmon, poached eggs, diced red onions and Hollandaise sauce on an English muffin. With a side of roasted potatoes.",Feijoa,2 tablespoons,5798a88a-9121-4536-baa8-1034427911d4,2024-01-17 17:14:35
9458,31668f23-71b3-4ea8-b697-931bd575f073,Pork Sausage Roll,"Two buttermilk waffles, topped with whipped cream and maple syrup, a side of two eggs served any style, and your choice of smoked bacon or smoked ham.",Curry Powder,1/4 pint,46108fd0-2db4-4d6a-a9aa-c3923a9aec88,2024-01-17 17:14:35
3184,7258e3d6-0692-4521-8bc9-fe59b32ac5b1,Pizza,"Smoked salmon, poached eggs, diced red onions and Hollandaise sauce on an English muffin. With a side of roasted potatoes.",Pinto Beans,2 tablespoons,85c567d6-e450-4a9b-97df-44629d623c82,2024-01-17 17:14:35
5055,0d0feb6f-4804-46ec-9476-f797a1c2c40d,Som Tam,"Granny Smith apples mixed with brown sugar and butter filling, in a flaky all-butter crust, with ice cream.",Curry Powder,1/2 cup,e4e7c165-0760-4949-99df-278049d967a6,2024-01-17 17:14:35
6520,0b96d00d-aff0-4f56-b26f-64853414ccf7,Pork Sausage Roll,"Two buttermilk waffles, topped with whipped cream and maple syrup, a side of two eggs served any style, and your choice of smoked bacon or smoked ham.",Feijoa,2 tablespoons,9b843709-219d-4928-9ddf-54bced92dd13,2024-01-17 17:14:35
7515,90d9c288-d10c-41c4-afe3-240a5138516b,Pork Sausage Roll,"Two buttermilk waffles, topped with whipped cream and maple syrup, a side of two eggs served any style, and your choice of smoked bacon or smoked ham.",Curry Powder,1/4 pint,f60af6de-6a1b-4968-a195-bc22d82aaa64,2024-01-17 17:14:35
1879,6de7e1ce-70e1-40c9-b6d4-d26b9bb9c35b,Pizza,"Smoked salmon, poached eggs, diced red onions and Hollandaise sauce on an English muffin. With a side of roasted potatoes.",Tomato,1/2 gallon,e61a653f-9418-4bba-93fa-90a0e66860df,2024-01-17 17:14:35
6682,aba71dc6-a0b3-4b91-b546-f38acd0cf92f,Som Tam,"Granny Smith apples mixed with brown sugar and butter filling, in a flaky all-butter crust, with ice cream.",Curry Powder,1/2 cup,0b17c183-a696-4243-94a9-6966ec7a7cf1,2024-01-17 17:14:35
5497,3e8faaf3-d3f8-42e8-b37e-f8315bf5255e,Som Tam,"Granny Smith apples mixed with brown sugar and butter filling, in a flaky all-butter crust, with ice cream.",Curry Powder,1/2 gallon,b33913f2-cbe9-4132-8a02-c4f5d4ee643d,2024-01-17 17:14:35
4129,cebab46c-af2d-4c72-9acc-022adaceb001,Pizza,"Smoked salmon, poached eggs, diced red onions and Hollandaise sauce on an English muffin. With a side of roasted potatoes.",Tomato,1/2 gallon,77d3d2ab-58ee-4964-b232-6bdc472bdc6e,2024-01-17 17:14:35
6971,009269a1-3bcb-4f82-a45f-af83a4b30e5d,Som Tam,"Granny Smith apples mixed with brown sugar and butter filling, in a flaky all-butter crust, with ice cream.",Curry Powder,1/4 pint,cc2c1ce6-898b-45e5-a778-07d58e619a67,2024-01-17 17:14:35
3529,8e8343e4-5280-49fe-bc03-f2ad33726d95,Pizza,"Smoked salmon, poached eggs, diced red onions and Hollandaise sauce on an English muffin. With a side of roasted potatoes.",Feijoa,1/2 gallon,95a32c11-aea4-4b18-b42c-e3e83fd1bb7e,2024-01-17 17:14:35
7794,57ab0d90-a34e-4528-ab48-24d61e728675,Pizza,"Smoked salmon, poached eggs, diced red onions and Hollandaise sauce on an English muffin. With a side of roasted potatoes.",Feijoa,2 tablespoons,06d06416-ec8c-4d6d-addd-7247eb000ec1,2024-01-17 17:14:35
6200,621d0506-1cbe-4fd9-b321-b9eacc9bf4d4,Cheeseburger,"Three eggs with cilantro, tomatoes, onions, avocados and melted Emmental cheese. With a side of roasted potatoes, and your choice of toast or croissant.",Curry Powder,1/2 cup,4b809d6d-7e9b-4382-aecd-c2c5134c955d,2024-01-17 17:14:35
3412,23b06557-3a56-44ac-906a-1db0c2bfae00,Pizza,"Smoked salmon, poached eggs, diced red onions and Hollandaise sauce on an English muffin. With a side of roasted potatoes.",Pinto Beans,1/4 pint,1dc6149a-d366-4b25-99aa-7000cb185432,2024-01-17 17:14:35
7836,56a998ae-6097-42e3-a62a-eb278220141e,Cheeseburger,"Three eggs with cilantro, tomatoes, onions, avocados and melted Emmental cheese. With a side of roasted potatoes, and your choice of toast or croissant.",Feijoa,2 tablespoons,fad3a13f-fbc6-40ac-8146-c0b1acb4ee1c,2024-01-17 17:14:35
2496,0fd993b2-8f46-431f-9102-ba7b2b6edc86,Pork Sausage Roll,"Two buttermilk waffles, topped with whipped cream and maple syrup, a side of two eggs served any style, and your choice of smoked bacon or smoked ham.",Pinto Beans,1/4 pint,f7a9c783-6e7c-42a6-91b4-123acb4fb8cb,2024-01-17 17:14:35
9383,bb11f07c-30e2-4e39-b589-0d67a7da32bf,Som Tam,"Granny Smith apples mixed with brown sugar and butter filling, in a flaky all-butter crust, with ice cream.",Curry Powder,1/2 gallon,944d7a59-625a-4ff3-837d-9386d77401de,2024-01-17 17:14:35
5874,672ec107-40b2-4966-ae8e-64792622f60c,Cheeseburger,"Three eggs with cilantro, tomatoes, onions, avocados and melted Emmental cheese. With a side of roasted potatoes, and your choice of toast or croissant.",Feijoa,1/4 pint,50f6338f-a125-4eaf-8251-5edbd966e385,2024-01-17 17:14:35
7436,7d70d66f-6795-4270-9733-69c87371857f,Som Tam,"Granny Smith apples mixed with brown sugar and butter filling, in a flaky all-butter crust, with ice cream.",Curry Powder,2 tablespoons,ed2dadda-09ce-4e94-9107-f99e1ed8c9a6,2024-01-17 17:14:35
6898,aafe2087-0c11-44f1-9f5d-ec0e4c6b6334,Som Tam,"Granny Smith apples mixed with brown sugar and butter filling, in a flaky all-butter crust, with ice cream.",Pinto Beans,1/2 gallon,d9202a07-30c6-4b45-b45d-8cceefb766ee,2024-01-17 17:14:35
1660,8e07e7e2-4dff-457b-9b69-4371c540f2cb,Cheeseburger,"Three eggs with cilantro, tomatoes, onions, avocados and melted Emmental cheese. With a side of roasted potatoes, and your choice of toast or croissant.",Tomato,2 tablespoons,2442dec7-3a87-4d94-aa23-ab44c76b4d5f,2024-01-17 17:14:35
4623,1911e5bf-17d5-4ce3-8a6b-a9270a07c964,Pizza,"Smoked salmon, poached eggs, diced red onions and Hollandaise sauce on an English muffin. With a side of roasted potatoes.",Tomato,1/4 pint,ce615021-431d-4a20-aeaf-d8e37330dd25,2024-01-17 17:14:35
1407,403d7643-a709-445b-a375-c44bd856b115,Pizza,"Smoked salmon, poached eggs, diced red onions and Hollandaise sauce on an English muffin. With a side of roasted potatoes.",Tomato,1/2 cup,2a7de911-4ae0-4dbc-927c-fc5523a2eb01,2024-01-17 17:14:35
2909,2e7a9a9e-afa6-4cd6-be26-42ee0be4e8b4,Pizza,"Smoked salmon, poached eggs, diced red onions and Hollandaise sauce on an English muffin. With a side of roasted potatoes.",Pinto Beans,1/2 gallon,a9bffb59-1fd0-491d-baf2-89dcf68f15d5,2024-01-17 17:14:35
4824,7964d85d-293b-43b0-8c31-1318c5c91e79,Pizza,"Smoked salmon, poached eggs, diced red onions and Hollandaise sauce on an English muffin. With a side of roasted potatoes.",Curry Powder,1/2 cup,59419a33-0f7e-4ff5-abe7-53284898c612,2024-01-17 17:14:35
4133,fb087d18-9b98-4580-8a2c-26e2332dda40,Cheeseburger,"Three eggs with cilantro, tomatoes, onions, avocados and melted Emmental cheese. With a side of roasted potatoes, and your choice of toast or croissant.",Tomato,1/2 gallon,4c32e9e1-a951-4bbb-9a47-81c15d4b4097,2024-01-17 17:14:35
5156,5810cfae-ce2f-4dc8-89e6-4aa751f4ea23,Cheeseburger,"Three eggs with cilantro, tomatoes, onions, avocados and melted Emmental cheese. With a side of roasted potatoes, and your choice of toast or croissant.",Curry Powder,1/2 gallon,7922e6ad-46c0-45da-90b3-4a8cd0852530,2024-01-17 17:14:35
2363,fd969f0e-b139-4aef-8d55-0186a758d29c,Cheeseburger,"Three eggs with cilantro, tomatoes, onions, avocados and melted Emmental cheese. With a side of roasted potatoes, and your choice of toast or croissant.",Pinto Beans,1/4 pint,3ae1c98e-64c0-4fc3-996a-0e58439af6fa,2024-01-17 17:14:35
9317,058bcaab-b840-4ece-ae50-4d6b114969cb,Cheeseburger,"Three eggs with cilantro, tomatoes, onions, avocados and melted Emmental cheese. With a side of roasted potatoes, and your choice of toast or croissant.",Feijoa,1/2 cup,6a780881-dfc3-4415-86c9-59213928e572,2024-01-17 17:14:35
3087,c0079417-14ed-4858-af2e-e8a43281f95d,Pork Sausage Roll,"Two buttermilk waffles, topped with whipped cream and maple syrup, a side of two eggs served any style, and your choice of smoked bacon or smoked ham.",Curry Powder,2 tablespoons,40869200-b277-4cdb-aa65-1847690673a1,2024-01-17 17:14:35
8301,c6b9b180-4f4f-4ccc-9bf1-d440fc2e56ca,Pizza,"Smoked salmon, poached eggs, diced red onions and Hollandaise sauce on an English muffin. With a side of roasted potatoes.",Curry Powder,1/2 cup,cfce04f8-575d-484d-909a-c3bb896c7d3e,2024-01-17 17:14:35
7795,4b7794d8-d7ad-4ade-aa6d-45a90c468223,Som Tam,"Granny Smith apples mixed with brown sugar and butter filling, in a flaky all-butter crust, with ice cream.",Tomato,1/2 gallon,f8161cd7-09bc-4a67-8a60-7f3ca5e3a873,2024-01-17 17:14:35
4881,a69f2654-0b84-4d57-a119-b2c851105cc6,Pork Sausage Roll,"Two buttermilk waffles, topped with whipped cream and maple syrup, a side of two eggs served any style, and your choice of smoked bacon or smoked ham.",Tomato,1/4 pint,8b544838-169e-4dce-a186-a5f837390bc4,2024-01-17 17:14:35
7150,e3843620-3ae8-4e09-bd07-6f7aafcd9ebf,Som Tam,"Granny Smith apples mixed with brown sugar and butter filling, in a flaky all-butter crust, with ice cream.",Curry Powder,2 tablespoons,6f286029-f95f-45a5-ae77-6f74fea34c65,2024-01-17 17:14:35
7936,f79501c5-431e-4bec-bdbd-f52bc0b84b39,Pork Sausage Roll,"Two buttermilk waffles, topped with whipped cream and maple syrup, a side of two eggs served any style, and your choice of smoked bacon or smoked ham.",Feijoa,1/2 cup,f41b947d-7d9e-4277-b76f-0ff107e1c68f,2024-01-17 17:14:35
5977,57e9e7f1-5c93-483c-864a-46967377ff30,Pizza,"Smoked salmon, poached eggs, diced red onions and Hollandaise sauce on an English muffin. With a side of roasted potatoes.",Feijoa,1/4 pint,fd733daf-21b0-4109-b609-28870a53fff5,2024-01-17 17:14:35
9119,c1cdac99-0dd1-472a-9603-e5a4bf64cf39,Cheeseburger,"Three eggs with cilantro, tomatoes, onions, avocados and melted Emmental cheese. With a side of roasted potatoes, and your choice of toast or croissant.",Pinto Beans,1/2 gallon,9704d1a5-b350-430e-a742-9a12eeb4e9b7,2024-01-17 17:14:35
9068,fe684880-273c-4053-ae7b-1fd4ab46f057,Cheeseburger,"Three eggs with cilantro, tomatoes, onions, avocados and melted Emmental cheese. With a side of roasted potatoes, and your choice of toast or croissant.",Curry Powder,1/2 cup,24eeea71-316e-4492-bc39-9a2a5b9c0011,2024-01-17 17:14:35
5596,fa7e6a8b-7e51-4520-b21d-e6c699be8a45,Som Tam,"Granny Smith apples mixed with brown sugar and butter filling, in a flaky all-butter crust, with ice cream.",Feijoa,1/2 cup,8b9e6a5a-d904-4f5f-bfe5-78ddb793653a,2024-01-17 17:14:35
7343,49a2fb08-1532-4b41-ae37-9a45f2cddc2b,Pizza,"Smoked salmon, poached eggs, diced red onions and Hollandaise sauce on an English muffin. With a side of roasted potatoes.",Pinto Beans,2 tablespoons,5981e045-a62b-4df9-8c92-2baac45a9fc5,2024-01-17 17:14:35
7841,635f3a0e-c555-4322-9bac-c28b5fc5156a,Pizza,"Smoked salmon, poached eggs, diced red onions and Hollandaise sauce on an English muffin. With a side of roasted potatoes.",Pinto Beans,2 tablespoons,124a2070-33d7-47c7-bcbe-2d0b3a6c5611,2024-01-17 17:14:35
6733,67563cb8-d44f-4965-b0c7-af459a6fe16f,Som Tam,"Granny Smith apples mixed with brown sugar and butter filling, in a flaky all-butter crust, with ice cream.",Pinto Beans,1/4 pint,ebfb555c-c899-423d-98e0-cd5543937377,2024-01-17 17:14:35
3325,fc0b5d78-577e-46cf-beda-5a8e3447b649,Pizza,"Smoked salmon, poached eggs, diced red onions and Hollandaise sauce on an English muffin. With a side of roasted potatoes.",Pinto Beans,1/2 gallon,471248e9-df80-4992-82d9-50c544700983,2024-01-17 17:14:35
4314,220941a6-7963-4cea-b008-6838f3b8180d,Pizza,"Smoked salmon, poached eggs, diced red onions and Hollandaise sauce on an English muffin. With a side of roasted potatoes.",Tomato,1/4 pint,4e230943-0634-489f-9e62-d25730853e45,2024-01-17 17:14:35
3569,7fb20d4a-89fc-4edb-aafa-c26862099864,Som Tam,"Granny Smith apples mixed with brown sugar and butter filling, in a flaky all-butter crust, with ice cream.",Tomato,1/2 cup,02bbefc4-401a-47e4-8462-dab274e41f40,2024-01-17 17:14:35
3313,bc535c81-c91f-44cc-95fb-bb1c5bd2c562,Cheeseburger,"Three eggs with cilantro, tomatoes, onions, avocados and melted Emmental cheese. With a side of roasted potatoes, and your choice of toast or croissant.",Tomato,2 tablespoons,16c8232d-4a88-4237-8d9d-3d67dba8f2df,2024-01-17 17:14:35
9100,61ccc9f6-4906-4ae8-88dd-919b9e190ae0,Pork Sausage Roll,"Two buttermilk waffles, topped with whipped cream and maple syrup, a side of two eggs served any style, and your choice of smoked bacon or smoked ham.",Feijoa,1/2 gallon,788478b5-ffa7-4fbe-b814-b99a50f1a1c4,2024-01-17 17:14:35
6147,a385a02f-fc9a-49c4-9d7e-cbc4105aced8,Som Tam,"Granny Smith apples mixed with brown sugar and butter filling, in a flaky all-butter crust, with ice cream.",Feijoa,1/2 gallon,bf425931-2a98-4096-97ce-5a6ab4da9c94,2024-01-17 17:14:35
3483,7b2438af-46b1-430f-931c-489f590509ef,Pork Sausage Roll,"Two buttermilk waffles, topped with whipped cream and maple syrup, a side of two eggs served any style, and your choice of smoked bacon or smoked ham.",Curry Powder,2 tablespoons,2b4dccd5-be10-402f-a9e7-aa63f144ece8,2024-01-17 17:14:35
8032,00c2ac5c-0aff-4fac-96de-cca3e2b413d9,Cheeseburger,"Three eggs with cilantro, tomatoes, onions, avocados and melted Emmental cheese. With a side of roasted potatoes, and your choice of toast or croissant.",Feijoa,1/4 pint,802dd58d-1410-4b2b-8449-8db2aed8db27,2024-01-17 17:14:35
9526,92758889-8833-4119-8422-1bc3680f884c,Cheeseburger,"Three eggs with cilantro, tomatoes, onions, avocados and melted Emmental cheese. With a side of roasted potatoes, and your choice of toast or croissant.",Feijoa,1/4 pint,42f6b369-0428-4bc9-a298-5394b44ccd7f,2024-01-17 17:14:35
5957,eeb9b309-68c0-488b-8b82-3d55d40620ba,Pork Sausage Roll,"Two buttermilk waffles, topped with whipped cream and maple syrup, a side of two eggs served any style, and your choice of smoked bacon or smoked ham.",Pinto Beans,1/2 cup,6abd0b7b-abcd-43ce-a52d-d1b4d1d1873a,2024-01-17 17:14:35
8299,5482d495-043f-488e-9970-e0bc470d8965,Cheeseburger,"Three eggs with cilantro, tomatoes, onions, avocados and melted Emmental cheese. With a side of roasted potatoes, and your choice of toast or croissant.",Feijoa,2 tablespoons,498b821d-ec61-4094-a11d-63b5f9479638,2024-01-17 17:14:35
6212,9141610f-189a-4caf-8f43-fa4fc1d0ab16,Som Tam,"Granny Smith apples mixed with brown sugar and butter filling, in a flaky all-butter crust, with ice cream.",Curry Powder,1/2 gallon,5f425ecb-65c4-46a9-a190-6a68e8c55418,2024-01-17 17:14:35
8327,00104df9-d85e-4341-8826-619806ee66ef,Pork Sausage Roll,"Two buttermilk waffles, topped with whipped cream and maple syrup, a side of two eggs served any style, and your choice of smoked bacon or smoked ham.",Curry Powder,1/2 gallon,167120fc-aa57-495f-95c2-3fde36d48071,2024-01-17 17:14:35
7945,1d70dc11-68d2-4617-b2aa-0182c66972ab,Pork Sausage Roll,"Two buttermilk waffles, topped with whipped cream and maple syrup, a side of two eggs served any style, and your choice of smoked bacon or smoked ham.",Feijoa,1/4 pint,1a3f04d0-f558-420e-a98f-520ea9b99e9f,2024-01-17 17:14:35
4479,add0f77e-d723-412e-b33b-6d535b3c2dc2,Pizza,"Smoked salmon, poached eggs, diced red onions and Hollandaise sauce on an English muffin. With a side of roasted potatoes.",Pinto Beans,1/4 pint,6a1ca0dd-c1f2-4041-bb89-f2b464995c94,2024-01-17 17:14:35
3809,0cc5f02c-3e87-4127-b270-44e9093a2012,Cheeseburger,"Three eggs with cilantro, tomatoes, onions, avocados and melted Emmental cheese. With a side of roasted potatoes, and your choice of toast or croissant.",Tomato,1/2 gallon,1349a254-2315-4b03-8d00-78916c2539a6,2024-01-17 17:14:35
6081,fba8cb8b-8973-4cb4-a9e2-54dcbdcdc6dc,Som Tam,"Granny Smith apples mixed with brown sugar and butter filling, in a flaky all-butter crust, with ice cream.",Tomato,1/2 cup,560d5e99-5c01-478e-b7fe-d9ee9942762d,2024-01-17 17:14:35
5287,9c2b3810-ba3a-4c81-a92c-743a35b4b8b3,Cheeseburger,"Three eggs with cilantro, tomatoes, onions, avocados and melted Emmental cheese. With a side of roasted potatoes, and your choice of toast or croissant.",Curry Powder,1/4 pint,726a2cd8-d431-4757-bf84-8f4be8eb095f,2024-01-17 17:14:35
9578,3350d029-cb44-4e98-8173-1bd68da38ded,Cheeseburger,"Three eggs with cilantro, tomatoes, onions, avocados and melted Emmental cheese. With a side of roasted potatoes, and your choice of toast or croissant.",Tomato,1/2 cup,2330f58a-3274-494a-9106-576aca118a22,2024-01-17 17:14:35
9325,5125048e-c901-4903-b931-0a239a9e1f74,Cheeseburger,"Three eggs with cilantro, tomatoes, onions, avocados and melted Emmental cheese. With a side of roasted potatoes, and your choice of toast or croissant.",Curry Powder,1/4 pint,446332d9-6e5a-4911-ae86-8685f75c63ef,2024-01-17 17:14:35
2159,ce7aa50e-5eb3-41cd-a6a8-665886f8cfbe,Pork Sausage Roll,"Two buttermilk waffles, topped with whipped cream and maple syrup, a side of two eggs served any style, and your choice of smoked bacon or smoked ham.",Curry Powder,1/2 cup,21d55943-15ec-42b7-b36c-22c875a33ee7,2024-01-17 17:14:35
4104,56c08dbf-58d3-45b5-a175-a4b88c72ca8b,Som Tam,"Granny Smith apples mixed with brown sugar and butter filling, in a flaky all-butter crust, with ice cream.",Feijoa,1/2 gallon,06c8536d-235d-4c06-91ab-18b8a4bc05dc,2024-01-17 17:14:35
7148,718bf718-cd8e-4302-a943-51d1c2d0fe94,Cheeseburger,"Three eggs with cilantro, tomatoes, onions, avocados and melted Emmental cheese. With a side of roasted potatoes, and your choice of toast or croissant.",Curry Powder,2 tablespoons,b035909b-9e90-408b-9ca5-1c1d461513e4,2024-01-17 17:14:35
4859,de1e1d54-1dd4-42e9-bb65-6b4342e6e0ef,Cheeseburger,"Three eggs with cilantro, tomatoes, onions, avocados and melted Emmental cheese. With a side of roasted potatoes, and your choice of toast or croissant.",Tomato,1/2 cup,af4e84e1-aa18-446e-a382-ea4ea645366c,2024-01-17 17:14:35
6928,390f825c-656f-40a3-a9c8-0cfc54b4b30b,Som Tam,"Granny Smith apples mixed with brown sugar and butter filling, in a flaky all-butter crust, with ice cream.",Pinto Beans,1/2 cup,5c5ff3d3-78ff-4454-869d-4a2d4286840a,2024-01-17 17:14:35
3780,3e72d43c-b175-4afd-a732-f6812edc1831,Cheeseburger,"Three eggs with cilantro, tomatoes, onions, avocados and melted Emmental cheese. With a side of roasted potatoes, and your choice of toast or croissant.",Curry Powder,1/2 gallon,01bd1878-23fc-47d2-80a2-398455b20e6a,2024-01-17 17:14:35
2169,4ed1c04f-80b3-42c1-bed7-f7e6c78b41a7,Pork Sausage Roll,"Two buttermilk waffles, topped with whipped cream and maple syrup, a side of two eggs served any style, and your choice of smoked bacon or smoked ham.",Pinto Beans,1/2 gallon,b15971c9-d904-4b73-ae2e-834198c7f51a,2024-01-17 17:14:35
8786,906ed17f-fc54-430b-90a5-2b221f10fe60,Cheeseburger,"Three eggs with cilantro, tomatoes, onions, avocados and melted Emmental cheese. With a side of roasted potatoes, and your choice of toast or croissant.",Tomato,1/2 cup,757a3e8e-b76a-408a-8f5e-7fd407e7abec,2024-01-17 17:14:35
1407,5661b273-b27b-40f5-8f42-97060d4cddae,Cheeseburger,"Three eggs with cilantro, tomatoes, onions, avocados and melted Emmental cheese. With a side of roasted potatoes, and your choice of toast or croissant.",Feijoa,1/4 pint,22c4d37f-29c7-4dfb-aadb-ccde43a78b8b,2024-01-17 17:14:35
9749,428cf5da-ee16-491f-9a5d-3882e474e226,Pork Sausage Roll,"Two buttermilk waffles, topped with whipped cream and maple syrup, a side of two eggs served any style, and your choice of smoked bacon or smoked ham.",Curry Powder,1/2 cup,73f6adf8-a33e-47ce-832a-51f15d0e0a2d,2024-01-17 17:14:35
4879,960ba341-f36b-43a4-9533-0cfe1e0f2666,Cheeseburger,"Three eggs with cilantro, tomatoes, onions, avocados and melted Emmental cheese. With a side of roasted potatoes, and your choice of toast or croissant.",Pinto Beans,1/4 pint,5647b2c9-5711-4a65-8f61-afcd3f274878,2024-01-17 17:14:35
9982,85dce776-c8ce-41db-afec-ceb82966bf7d,Pork Sausage Roll,"Two buttermilk waffles, topped with whipped cream and maple syrup, a side of two eggs served any style, and your choice of smoked bacon or smoked ham.",Curry Powder,1/2 gallon,6db57a5f-f586-460b-9f13-4f445bccd14e,2024-01-17 17:14:35
1332,3cc9d0bd-5ab3-4464-bf7d-fe6b254b9fa2,Cheeseburger,"Three eggs with cilantro, tomatoes, onions, avocados and melted Emmental cheese. With a side of roasted potatoes, and your choice of toast or croissant.",Pinto Beans,2 tablespoons,95675d73-9403-4f8c-8277-3fa1836aa5d5,2024-01-17 17:14:35
6375,d73dd333-c2fc-459a-be27-06d2b256414f,Cheeseburger,"Three eggs with cilantro, tomatoes, onions, avocados and melted Emmental cheese. With a side of roasted potatoes, and your choice of toast or croissant.",Pinto Beans,1/2 gallon,de245399-512d-48b1-b454-9bb1f55217b3,2024-01-17 17:14:35
8229,0187a05e-5a90-4b27-bc3f-9304688b2c52,Cheeseburger,"Three eggs with cilantro, tomatoes, onions, avocados and melted Emmental cheese. With a side of roasted potatoes, and your choice of toast or croissant.",Pinto Beans,2 tablespoons,fecb7633-9d14-41ba-af1a-d75ea948c66c,2024-01-17 17:14:35
6319,ed3c7daf-4f3b-479a-a2ea-9791307ddf77,Som Tam,"Granny Smith apples mixed with brown sugar and butter filling, in a flaky all-butter crust, with ice cream.",Curry Powder,1/4 pint,01517a9b-2ae9-4e76-b099-fbf70a1c79a3,2024-01-17 17:14:35
2217,ef4427de-df69-4767-895e-ce7f5c9a133b,Som Tam,"Granny Smith apples mixed with brown sugar and butter filling, in a flaky all-butter crust, with ice cream.",Curry Powder,1/2 cup,946bc9d1-6fc3-4179-a202-2ee44b5bfa2e,2024-01-17 17:14:35
6891,a168d415-37b8-455a-ac5e-66bebcf896ed,Pork Sausage Roll,"Two buttermilk waffles, topped with whipped cream and maple syrup, a side of two eggs served any style, and your choice of smoked bacon or smoked ham.",Tomato,1/2 cup,52114217-6081-403f-8424-8f208318df0d,2024-01-17 17:14:35
5221,723be422-d2cd-4f9f-9ac4-2b448d1b1425,Som Tam,"Granny Smith apples mixed with brown sugar and butter filling, in a flaky all-butter crust, with ice cream.",Tomato,1/2 gallon,e3afbaaf-f50e-4d22-a0b9-e999dda8f956,2024-01-17 17:14:35
6479,321653be-86a3-4452-bcce-6dfd59e8dd89,Cheeseburger,"Three eggs with cilantro, tomatoes, onions, avocados and melted Emmental cheese. With a side of roasted potatoes, and your choice of toast or croissant.",Feijoa,1/4 pint,0a514e3f-5f25-4fc5-b95b-207d951a3c8f,2024-01-17 17:14:35
3167,7c45bfcb-e862-4c19-b793-a95e790e4062,Pizza,"Smoked salmon, poached eggs, diced red onions and Hollandaise sauce on an English muffin. With a side of roasted potatoes.",Curry Powder,2 tablespoons,f0ce8775-6650-4ecc-af56-659551552459,2024-01-17 17:14:35
3448,2cf11820-058a-415c-9ecc-d46a95f57135,Som Tam,"Granny Smith apples mixed with brown sugar and butter filling, in a flaky all-butter crust, with ice cream.",Tomato,1/4 pint,ee0c61aa-f2a6-45dc-b9c1-c797dfa59a47,2024-01-17 17:14:35
5305,91a69809-e283-4300-b3f0-66a06016504d,Pizza,"Smoked salmon, poached eggs, diced red onions and Hollandaise sauce on an English muffin. With a side of roasted potatoes.",Feijoa,1/2 gallon,0f35a613-06e7-4612-a229-e24fa1db7108,2024-01-17 17:14:35
6166,660fc806-9c21-45bd-b4df-cde273eadcf4,Pizza,"Smoked salmon, poached eggs, diced red onions and Hollandaise sauce on an English muffin. With a side of roasted potatoes.",Tomato,1/4 pint,03220aec-3a6e-4b75-aeb5-233da63cd4dd,2024-01-17 17:14:35
5937,44d894fe-9033-4992-9e7e-2f208c1a2438,Cheeseburger,"Three eggs with cilantro, tomatoes, onions, avocados and melted Emmental cheese. With a side of roasted potatoes, and your choice of toast or croissant.",Pinto Beans,1/4 pint,8221f891-c55e-4bfb-bf53-8c6eef9fc1be,2024-01-17 17:14:35
8816,82f8083a-5c53-4704-96c4-3a963f23a9e2,Som Tam,"Granny Smith apples mixed with brown sugar and butter filling, in a flaky all-butter crust, with ice cream.",Tomato,1/4 pint,affc5fa2-762d-4b98-b833-51ac056f1529,2024-01-17 17:14:35
1009,4a59ac4b-8a3a-4699-a870-d28ff5b5fe1b,Pork Sausage Roll,"Two buttermilk waffles, topped with whipped cream and maple syrup, a side of two eggs served any style, and your choice of smoked bacon or smoked ham.",Pinto Beans,2 tablespoons,6412be83-bd01-466f-b763-adbea1833880,2024-01-17 17:14:35
5687,365ecd8f-d6ee-46a1-adb6-66c16a4d2a69,Cheeseburger,"Three eggs with cilantro, tomatoes, onions, avocados and melted Emmental cheese. With a side of roasted potatoes, and your choice of toast or croissant.",Feijoa,1/2 gallon,90f74189-c3c4-45c7-ab7d-77e30564df4b,2024-01-17 17:14:35
